{"run name": "run_2cDM_811_HY_power00_sigma1_dir_9_Vkick200.00", "DM type": "2cDM", "baryon_type": "HY", "powerLaws": [0, 0], "sigma0": 1.0, "otherInfo": ["dir", "9", "Vkick200.00"], "Vkick": 200.0, "BoxSize": 100000, "NPart": 96, "Mass Resolution": [8260588.100480618], "Softening Length": 35.91954022988506, "redshifts": [46.54721920348852, 44.5622037875765, 42.45367379881284, 40.44272246832135, 38.52483404598187, 36.87473954609402, 35.12197041925631, 33.450316031392745, 31.856022550479437, 30.48433957173081, 29.027305700565993, 27.63770051714242, 26.312403553212587, 25.04843874971757, 23.960960799485814, 22.805816183578962, 21.704129409074024, 20.65342655126237, 19.749432874416154, 18.78918956244812, 17.873384439406017, 16.999960992518137, 16.24849327990495, 15.45026662890206, 14.688980351532482, 13.962924919302699, 13.270469917365952, 12.674702104803705, 12.041863543925086, 11.438311518216711, 10.862690703911504, 10.367443572408746, 9.841380439471834, 9.339662483009523, 8.861163055704282, 8.449476294368743, 8.012172948865935, 7.5951071498715965, 7.2167861446729695, 6.83652929673655, 6.491597745667503, 6.144901203416368, 5.830412255438365, 5.514314088998537, 5.2128443296138, 4.939380663491011, 4.664517702470927, 4.415189102629535, 4.1645847053761695, 3.931415978016882, 3.7031996580777644, 3.4908613692606485, 3.2830330579565246, 3.089664292734823, 2.9004026001834498, 2.7331426173187188, 2.581530360749893, 2.4442257045541464, 2.3161107439568918, 2.204127685233242, 2.095926226826756, 1.9984741090888938, 1.9075317015975188, 1.822689252620354, 1.741946069204546, 1.6682494625950324, 1.5980719886683934, 1.5312390291576135, 1.4690483326692818, 1.4112402265443573, 1.354785588105559, 1.301015190578822, 1.2511376829444645, 1.2023413353902335, 1.1571565189806767, 1.112898746713261, 1.070775132559132, 1.0306937131422726, 0.9913880999233948, 0.9540002664885061, 0.918450320949258, 0.8846630848858825, 0.8514709006246495, 0.8188632882717168, 0.7878885854383739, 0.7584825938678252, 0.7285361563681614, 0.7011136060193328, 0.6741261037109307, 0.647566747575876, 0.6214287452425136, 0.5966508105687431, 0.5722515209933166, 0.5491423583106516, 0.5263728571851616, 0.5039380252259511, 0.48271087652108324, 0.4609177941806475, 0.4402978492477432, 0.4208102228858266, 0.40075637134625763, 0.38180375206467954, 0.36310756693894675, 0.3446643463443455, 0.3272565541011043, 0.30929840757867866, 0.29234845666676534, 0.27561793689007197, 0.25910400753104357, 0.243171968587081, 0.22744152527254502, 0.21191012670252096, 0.19692966583655291, 0.18213437893919204, 0.1675219770689318, 0.15309019957794945, 0.13917412387986072, 0.125425994421281, 0.11184378434205589, 0.09842549124320032, 0.08549055127227123, 0.07270793175765555, 0.060075838990106156, 0.047592500382905634, 0.03525616422312572, 0.02336811931833105, 0.011616587111110688, 2.220446049250313e-16], "file_indices": [0, 1, 2, 3, 4, 5, 6, 7, 8, 9, 10, 11, 12, 13, 14, 15, 16, 17, 18, 19, 20, 21, 22, 23, 24, 25, 26, 27, 28, 29, 30, 31, 32, 33, 34, 35, 36, 37, 38, 39, 40, 41, 42, 43, 44, 45, 46, 47, 48, 49, 50, 51, 52, 53, 54, 55, 56, 57, 58, 59, 60, 61, 62, 63, 64, 65, 66, 67, 68, 69, 70, 71, 72, 73, 74, 75, 76, 77, 78, 79, 80, 81, 82, 83, 84, 85, 86, 87, 88, 89, 90, 91, 92, 93, 94, 95, 96, 97, 98, 99, 100, 101, 102, 103, 104, 105, 106, 107, 108, 109, 110, 111, 112, 113, 114, 115, 116, 117, 118, 119, 120, 121, 122, 123, 124, 125, 126, 127], "Omega0": [0.301712, 0.301712, 0.301712, 0.301712, 0.301712, 0.301712, 0.301712, 0.301712, 0.301712, 0.301712, 0.301712, 0.301712, 0.301712, 0.301712, 0.301712, 0.301712, 0.301712, 0.301712, 0.301712, 0.301712, 0.301712, 0.301712, 0.301712, 0.301712, 0.301712, 0.301712, 0.301712, 0.301712, 0.301712, 0.301712, 0.301712, 0.301712, 0.301712, 0.301712, 0.301712, 0.301712, 0.301712, 0.301712, 0.301712, 0.301712, 0.301712, 0.301712, 0.301712, 0.301712, 0.301712, 0.301712, 0.301712, 0.301712, 0.301712, 0.301712, 0.301712, 0.301712, 0.301712, 0.301712, 0.301712, 0.301712, 0.301712, 0.301712, 0.301712, 0.301712, 0.301712, 0.301712, 0.301712, 0.301712, 0.301712, 0.301712, 0.301712, 0.301712, 0.301712, 0.301712, 0.301712, 0.301712, 0.301712, 0.301712, 0.301712, 0.301712, 0.301712, 0.301712, 0.301712, 0.301712, 0.301712, 0.301712, 0.301712, 0.301712, 0.301712, 0.301712, 0.301712, 0.301712, 0.301712, 0.301712, 0.301712, 0.301712, 0.301712, 0.301712, 0.301712, 0.301712, 0.301712, 0.301712, 0.301712, 0.301712, 0.301712, 0.301712, 0.301712, 0.301712, 0.301712, 0.301712, 0.301712, 0.301712, 0.301712, 0.301712, 0.301712, 0.301712, 0.301712, 0.301712, 0.301712, 0.301712, 0.301712, 0.301712, 0.301712, 0.301712, 0.301712, 0.301712, 0.301712, 0.301712, 0.301712, 0.301712, 0.301712, 0.301712], "OmegaB": [0.04602263967414429, 0.04602263967414429, 0.04602263967414429, 0.04602263967414429, 0.04602263967414431, 0.04602263967414429, 0.04602263967414429, 0.046022639674144286, 0.04602263967414429, 0.04602263967414429, 0.04602263967414429, 0.04602263967414429, 0.046022639674144286, 0.046022639674144286, 0.04602263967414429, 0.046022639674144286, 0.046022639674144286, 0.04602263967414431, 0.046022639674144286, 0.046022639674144286, 0.04602263967414431, 0.04602263967414429, 0.04602263967414429, 0.04602263967414431, 0.04602263967414429, 0.04602263965999778, 0.04602263962897211, 0.04602263959752346, 0.04602263953323737, 0.04602263956577911, 0.046022639376512145, 0.046022639167865025, 0.04602263875294522, 0.04602263331292165, 0.04602262225486552, 0.046022620942775386, 0.04602257496667089, 0.04602251034182658, 0.04602239778333971, 0.046022081887850244, 0.046021699869385015, 0.04602108050261373, 0.04602028569237687, 0.046018868697681986, 0.0460167393279661, 0.0460142693011844, 0.04601027438077551, 0.04600487215033248, 0.045997411793497006, 0.045987816010385124, 0.0459746339219122, 0.045959093973608436, 0.04593983559938693, 0.04591661336574553, 0.04588941585475917, 0.04586009977732479, 0.04582862681569189, 0.04579767544842317, 0.04576454605342135, 0.04573366961136254, 0.0456997366836122, 0.045668541714666964, 0.04563724022210352, 0.045606955977916946, 0.04557744810881645, 0.04554803484858329, 0.04551809130501973, 0.04548932378598897, 0.04546213488502717, 0.04543470570405484, 0.04540983907460651, 0.04538383007168124, 0.04535937890764709, 0.04533544648501219, 0.04531337568300604, 0.0452905980349792, 0.04527044112426087, 0.04525039888516211, 0.045230753951396, 0.04521189159504551, 0.04519465082133999, 0.04517835960729574, 0.04516363228967742, 0.04514842294728397, 0.04513467859319499, 0.045120993959487744, 0.04510764958681671, 0.04509540295778885, 0.04508515023016449, 0.045074463057136284, 0.04506427743392839, 0.04505488951946047, 0.045046546842412834, 0.04503842411594365, 0.04503054028371337, 0.045022208103379396, 0.04501488921409402, 0.04500801623149327, 0.045002608199856756, 0.04499765700180712, 0.04499304647981402, 0.04498864603395961, 0.04498436052788189, 0.04498146891428943, 0.044977983606553154, 0.04497509884210403, 0.044973053683608606, 0.04497048253153495, 0.0449684140142265, 0.04496652494290061, 0.04496505565493867, 0.04496364361265156, 0.04496260163201551, 0.04496181706393948, 0.04496095527477789, 0.04496002961979917, 0.04495934324572821, 0.044958766086553935, 0.044958193399009395, 0.044957418506431396, 0.044956840953097606, 0.04495641340410161, 0.044956086865603685, 0.044956152896736754, 0.04495636666348881, 0.04495650252148357, 0.04495650871094358, 0.04495668510636174],