{"run name": "run_2cDM_811_HY_powerm2m2_sigma1_dir_3_Vkick43.09", "DM type": "2cDM", "baryon_type": "HY", "powerLaws": [-2, -2], "sigma0": 1.0, "otherInfo": ["dir", "3", "Vkick43.09"], "Vkick": 43.09, "BoxSize": 100000, "NPart": 96, "Mass Resolution": [8260588.100480618], "Softening Length": 35.91954022988506, "redshifts": [2.220446049250313e-16], "file_indices": [127], "Omega0": [0.301712], "OmegaB": [0.04493162600519448], "OmegaStar": [0.001091012906765689]}