{"run name": "run_2cDM_811_HY_power00_sigma1_dir_3_Vkick43.09", "DM type": "2cDM", "baryon_type": "HY", "powerLaws": [0, 0], "sigma0": 1.0, "otherInfo": ["dir", "3", "Vkick43.09"], "Vkick": 43.09, "BoxSize": 100000, "NPart": 96, "Mass Resolution": [8260588.100480618], "Softening Length": 35.91954022988506, "redshifts": [46.54721920348852, 44.5622037875765, 42.45367379881284, 40.44272246832135, 38.52483404598187, 36.87473954609402, 35.12197041925631, 33.450316031392745, 31.856022550479437, 30.48433957173081, 29.027305700565993, 27.63770051714242, 26.312403553212587, 25.04843874971757, 23.960960799485814, 22.805816183578962, 21.704129409074024, 20.65342655126237, 19.749432874416154, 18.78918956244812, 17.873384439406017, 16.999960992518137, 16.24849327990495, 15.45026662890206, 14.688980351532482, 13.962924919302699, 13.270469917365952, 12.674702104803705, 12.041863543925086, 11.438311518216711, 10.862690703911504, 10.367443572408746, 9.841380439471834, 9.339662483009523, 8.861163055704282, 8.449476294368743, 8.012172948865935, 7.5951071498715965, 7.2167861446729695, 6.83652929673655, 6.491597745667503, 6.144901203416368, 5.830412255438365, 5.514314088998537, 5.2128443296138, 4.939380663491011, 4.664517702470927, 4.415189102629535, 4.1645847053761695, 3.931415978016882, 3.7031996580777644, 3.4908613692606485, 3.2830330579565246, 3.089664292734823, 2.9004026001834498, 2.7331426173187188, 2.581530360749893, 2.4442257045541464, 2.3161107439568918, 2.204127685233242, 2.095926226826756, 1.9984741090888938, 1.9075317015975188, 1.822689252620354, 1.741946069204546, 1.6682494625950324, 1.5980719886683934, 1.5312390291576135, 1.4690483326692818, 1.4112402265443573, 1.354785588105559, 1.301015190578822, 1.2511376829444645, 1.2023413353902335, 1.1571565189806767, 1.112898746713261, 1.070775132559132, 1.0306937131422726, 0.9913880999233948, 0.9540002664885061, 0.918450320949258, 0.8846630848858825, 0.8514709006246495, 0.8188632882717168, 0.7878885854383739, 0.7584825938678252, 0.7285361563681614, 0.7011136060193328, 0.6741261037109307, 0.647566747575876, 0.6214287452425136, 0.5966508105687431, 0.5722515209933166, 0.5491423583106516, 0.5263728571851616, 0.5039380252259511, 0.48271087652108324, 0.4609177941806475, 0.4402978492477432, 0.4208102228858266, 0.40075637134625763, 0.38180375206467954, 0.36310756693894675, 0.3446643463443455, 0.3272565541011043, 0.30929840757867866, 0.29234845666676534, 0.27561793689007197, 0.25910400753104357, 0.243171968587081, 0.22744152527254502, 0.21191012670252096, 0.19692966583655291, 0.18213437893919204, 0.1675219770689318, 0.15309019957794945, 0.13917412387986072, 0.125425994421281, 0.11184378434205589, 0.09842549124320032, 0.08549055127227123, 0.07270793175765555, 0.060075838990106156, 0.047592500382905634, 0.03525616422312572, 0.02336811931833105, 0.011616587111110688, 2.220446049250313e-16], "file_indices": [0, 1, 2, 3, 4, 5, 6, 7, 8, 9, 10, 11, 12, 13, 14, 15, 16, 17, 18, 19, 20, 21, 22, 23, 24, 25, 26, 27, 28, 29, 30, 31, 32, 33, 34, 35, 36, 37, 38, 39, 40, 41, 42, 43, 44, 45, 46, 47, 48, 49, 50, 51, 52, 53, 54, 55, 56, 57, 58, 59, 60, 61, 62, 63, 64, 65, 66, 67, 68, 69, 70, 71, 72, 73, 74, 75, 76, 77, 78, 79, 80, 81, 82, 83, 84, 85, 86, 87, 88, 89, 90, 91, 92, 93, 94, 95, 96, 97, 98, 99, 100, 101, 102, 103, 104, 105, 106, 107, 108, 109, 110, 111, 112, 113, 114, 115, 116, 117, 118, 119, 120, 121, 122, 123, 124, 125, 126, 127], "Omega0": [0.301712, 0.301712, 0.301712, 0.301712, 0.301712, 0.301712, 0.301712, 0.301712, 0.301712, 0.301712, 0.301712, 0.301712, 0.301712, 0.301712, 0.301712, 0.301712, 0.301712, 0.301712, 0.301712, 0.301712, 0.301712, 0.301712, 0.301712, 0.301712, 0.301712, 0.301712, 0.301712, 0.301712, 0.301712, 0.301712, 0.301712, 0.301712, 0.301712, 0.301712, 0.301712, 0.301712, 0.301712, 0.301712, 0.301712, 0.301712, 0.301712, 0.301712, 0.301712, 0.301712, 0.301712, 0.301712, 0.301712, 0.301712, 0.301712, 0.301712, 0.301712, 0.301712, 0.301712, 0.301712, 0.301712, 0.301712, 0.301712, 0.301712, 0.301712, 0.301712, 0.301712, 0.301712, 0.301712, 0.301712, 0.301712, 0.301712, 0.301712, 0.301712, 0.301712, 0.301712, 0.301712, 0.301712, 0.301712, 0.301712, 0.301712, 0.301712, 0.301712, 0.301712, 0.301712, 0.301712, 0.301712, 0.301712, 0.301712, 0.301712, 0.301712, 0.301712, 0.301712, 0.301712, 0.301712, 0.301712, 0.301712, 0.301712, 0.301712, 0.301712, 0.301712, 0.301712, 0.301712, 0.301712, 0.301712, 0.301712, 0.301712, 0.301712, 0.301712, 0.301712, 0.301712, 0.301712, 0.301712, 0.301712, 0.301712, 0.301712, 0.301712, 0.301712, 0.301712, 0.301712, 0.301712, 0.301712, 0.301712, 0.301712, 0.301712, 0.301712, 0.301712, 0.301712, 0.301712, 0.301712, 0.301712, 0.301712, 0.301712, 0.301712], "OmegaB": [0.04602263967414429, 0.04602263967414429, 0.04602263967414429, 0.04602263967414429, 0.04602263967414429, 0.04602263967414429, 0.04602263967414431, 0.04602263967414431, 0.046022639674144286, 0.04602263967414429, 0.04602263967414431, 0.04602263967414431, 0.04602263967414429, 0.04602263967414429, 0.04602263967414429, 0.04602263967414429, 0.04602263967414429, 0.04602263967414429, 0.04602263967414429, 0.04602263967414429, 0.04602263967414431, 0.046022639674144286, 0.04602263967414429, 0.04602263967414429, 0.04602263967414429, 0.046022639674144286, 0.04602263964736549, 0.04602263959462883, 0.04602263957266821, 0.04602263934518415, 0.04602263917349629, 0.046022638944102134, 0.04602263296800783, 0.04602262026699547, 0.046022612332991056, 0.04602258212471912, 0.046022552044128175, 0.046022453227351004, 0.04602220564094856, 0.04602199367481048, 0.04602160942665537, 0.046020916368886645, 0.04602013885931185, 0.0460187440601323, 0.04601657370214338, 0.046013811379480844, 0.04600984621327137, 0.0460043391563279, 0.04599666873583369, 0.04598711980022925, 0.04597433018278629, 0.045958664295956256, 0.04593917849248694, 0.04591626396350276, 0.04588862240453059, 0.04585894744689946, 0.04582722407761468, 0.04579656719888968, 0.04576477901055014, 0.04573264046478194, 0.045700865436551955, 0.045668749881044975, 0.04563730652971611, 0.04560699339020356, 0.045576417617559775, 0.045546188125631236, 0.045516167479666976, 0.04548666543026599, 0.04545880060220823, 0.045434295738467946, 0.04540881965231408, 0.045383568183352006, 0.04535973409634558, 0.04533616227204164, 0.045314360672325055, 0.04529353020284131, 0.045271358259283, 0.04525061299428478, 0.04522947479961668, 0.04520908011079789, 0.04519201745387051, 0.04517423416778024, 0.04515728724017276, 0.045143206922315944, 0.04512860088578318, 0.04511498040172112, 0.04509948009264521, 0.04508650792268914, 0.04507414756798984, 0.045062582462191275, 0.04505167679872149, 0.04504178109506431, 0.045032330943455864, 0.04502255301411356, 0.045014120215764196, 0.04500652593052337, 0.04500003504376224, 0.04499397239988933, 0.04498841255567005, 0.04498370303689741, 0.04497942580345883, 0.044975422731116856, 0.0449711374213722, 0.04496779515253819, 0.04496498539937962, 0.04496273305926928, 0.044959050626976735, 0.0449564784291265, 0.044954202805996255, 0.04495217569790811, 0.044950323834562704, 0.04494925959027919, 0.04494772189797996, 0.04494645846848656, 0.04494533008611047, 0.04494462199555589, 0.04494409404141185, 0.04494359938007996, 0.044942977774407505, 0.044941949136136486, 0.04494127990063182, 0.04494076939142707, 0.04494101475039436, 0.044941002011310696, 0.04494076763558251, 0.04494090596021209, 0.044941127447117965, 0.04494114346987886],