{"run name": "run_CDM_L3N256_HY_dir_6", "DM type": "CDM", "baryon_type": "HY", "otherInfo": ["dir", "6"], "BoxSize": 3000, "NPart": 256, "Mass Resolution": [117344.06239201137, 21123.087754725388], "Softening Length": 0.4040948275862069, "redshifts": [99.0, 8.955128609158502, 5.236226422509304, 3.997243005033612, 2.9999151729465807, 2.0300187258611033, 0.999978793124213, 4.440892098500626e-16], "file_indices": [0, 1, 2, 3, 4, 5, 6, 7], "Omega0": [0.301712, 0.301712, 0.301712, 0.301712, 0.301712, 0.301712, 0.301712, 0.301712], "OmegaB": [0.04729202942358431, 0.04727118582696953, 0.047199729986876264, 0.04706517036189217, 0.046728608495727256, 0.04580198323343384, 0.043241571997687474, 0.041163331129483026], "OmegaStar": [2.0843596614785963e-05, 9.229943670804224e-05, 0.00022663218867265548, 0.0005630154883920172, 0.001489272916946563, 0.004047172321335316, 0.0061196516747764815]}