{"run name": "run_CDM_L3N256_HY_dir_0", "DM type": "CDM", "baryon_type": "HY", "otherInfo": ["dir", "0"], "BoxSize": 3000, "NPart": 256, "Mass Resolution": [117344.06239201137, 21123.087754725388], "Softening Length": 0.4040948275862069, "redshifts": [99.0, 8.955128609158502, 5.236226422509304, 3.9916277163626868, 2.9999151729465807, 2.0300187258611033, 0.9988548118735108, 4.440892098500626e-16], "file_indices": [0, 1, 2, 3, 4, 5, 6, 7], "Omega0": [0.301712, 0.301712, 0.301712, 0.301712, 0.301712, 0.301712, 0.301712, 0.301712], "OmegaB": [0.04729202942358431, 0.047277892990852194, 0.04720774268879518, 0.04711216546488433, 0.04695082559568819, 0.04645636642599225, 0.045750456330536045, 0.04450793811611931], "OmegaStar": [1.4136432732110082e-05, 8.428673478912254e-05, 0.00017974729336429798, 0.00034099669842520925, 0.00083470085258858, 0.001538584824702478, 0.0027723573479001423]}