{"run name": "run_CDM_DREAMS116_DM_dir_8", "DM type": "CDM", "baryon_type": "DM", "otherInfo": ["dir", "8"], "BoxSize": 100000, "NPart": 114, "Mass Resolution": [1219564.2226546092], "Softening Length": 30.248033877797944, "redshifts": [2.220446049250313e-16], "file_indices": [127], "Omega0": [0.301712]}