{"run name": "run_2cDM_L3N128_HY_power00_sigma1", "DM type": "2cDM", "baryon_type": "HY", "powerLaws": [0, 0], "sigma0": 1.0, "otherInfo": [], "BoxSize": 3000, "NPart": 128, "Mass Resolution": [938752.499136091, 168984.7020378031], "Softening Length": 0.8081896551724138, "redshifts": [99.0, 8.955128609158502, 5.236226422509304, 3.9916277163626868, 2.995420558949888, 2.0300187258611033, 0.9988548118735108, 4.440892098500626e-16], "file_indices": [0, 1, 2, 3, 4, 5, 6, 7], "Omega0": [0.301712, 0.301712, 0.301712, 0.301712, 0.301712, 0.301712, 0.301712, 0.301712], "OmegaB": [0.04729202942358431, 0.0472797104481991, 0.04724783365368135, 0.04720972542643178, 0.04714191759555458, 0.04701173139234358, 0.04663505562597526, 0.04567159479464303], "OmegaStar": [1.2318975385201189e-05, 4.419576990295617e-05, 8.230399715252739e-05, 0.00014998578008002642, 0.0002798145060914711, 0.0006555609027896445, 0.0016156449770377262]}