{"run name": "run_2cDM_L3N256_HY_powerm2m2_sigma1_dir_1", "DM type": "2cDM", "baryon_type": "HY", "powerLaws": [-2, -2], "sigma0": 1.0, "otherInfo": ["dir", "1"], "BoxSize": 3000, "NPart": 256, "Mass Resolution": [117344.06239201137, 21123.087754725388], "Softening Length": 0.4040948275862069, "redshifts": [99.0, 8.955128609158502, 5.236226422509304, 3.9916277163626868, 2.995420558949888, 2.0300187258611033, 0.999978793124213, 4.440892098500626e-16], "file_indices": [0, 1, 2, 3, 4, 5, 6, 7], "Omega0": [0.301712, 0.301712, 0.301712, 0.301712, 0.301712, 0.301712, 0.301712, 0.301712], "OmegaB": [0.04729202942358431, 0.04728835308304017, 0.04727252223429608, 0.04725228269716671, 0.04720564117023788, 0.04711531220623356, 0.04672829110644713, 0.045183815023482135], "OmegaStar": [3.676340544128354e-06, 1.9507189288222464e-05, 3.974672641758845e-05, 8.63882533464208e-05, 0.0001766051939005998, 0.0005633412875183582, 0.002106049228161542]}