{"run name": "run_2cDM_710_HY_power00_sigma1_dir_9_Vkick200.00", "DM type": "2cDM", "baryon_type": "HY", "powerLaws": [0, 0], "sigma0": 1.0, "otherInfo": ["dir", "9", "Vkick200.00"], "Vkick": 200.0, "BoxSize": 100000, "NPart": 48, "Mass Resolution": [66084704.80384494], "Softening Length": 71.83908045977012, "redshifts": [46.54721920348852, 44.5622037875765, 42.45367379881284, 40.44272246832135, 38.52483404598187, 36.87473954609402, 35.12197041925631, 33.450316031392745, 31.856022550479437, 30.48433957173081, 29.027305700565993, 27.63770051714242, 26.312403553212587, 25.04843874971757, 23.960960799485814, 22.805816183578962, 21.704129409074024, 20.65342655126237, 19.749432874416154, 18.78918956244812, 17.873384439406017, 16.999960992518137, 16.24849327990495, 15.45026662890206, 14.688980351532482, 13.962924919302699, 13.270469917365952, 12.674702104803705, 12.041863543925086, 11.438311518216711, 10.862690703911504, 10.367443572408746, 9.841380439471834, 9.339662483009523, 8.861163055704282, 8.449476294368743, 8.012172948865935, 7.5951071498715965, 7.197342343177086, 6.81798531647716, 6.491597745667503, 6.144901203416368, 5.814249101415438, 5.498898934241171, 5.198142558173861, 4.939380663491011, 4.664517702470927, 4.402374863568138, 4.1523634843230806, 3.925577791189874, 3.697631651158252, 3.4908613692606485, 3.2830330579565246, 3.084822635834013, 2.8957850057274284, 2.7331426173187188, 2.5772902716018935, 2.4442257045541464, 2.3161107439568918, 2.2003343941932285, 2.095926226826756, 1.9949242864572514, 1.9040895435327672, 1.822689252620354, 1.7370783228960591, 1.6666695561144653, 1.5980719886683934, 1.5312390291576135, 1.4690483326692818, 1.4112402265443573, 1.354785588105559, 1.299652728461826, 1.2511376829444645, 1.201037299393231, 1.1571565189806767, 1.1116476708788934, 1.0695489986846227, 1.0306937131422726, 0.9902089721812193, 0.9528432765865742, 0.918450320949258, 0.8846630848858825, 0.8514709006246495, 0.8188632882717168, 0.7868299525023363, 0.7574413726158526, 0.7285361563681614, 0.7001063537185233, 0.6741261037109307, 0.6465912010918797, 0.6214287452425136, 0.5966508105687431, 0.5722515209933166, 0.5482250902345109, 0.5263728571851616, 0.5030475232448832, 0.4818329434209512, 0.4609177941806475, 0.4402978492477432, 0.41996894199726653, 0.3999269646135635, 0.38180375206467954, 0.36230045257092924, 0.3446643463443455, 0.3272565541011043, 0.30852315433938093, 0.29234845666676534, 0.27561793689007197, 0.25910400753104357, 0.24280386464756432, 0.22744152527254502, 0.21155127941248253, 0.1965752542696484, 0.1817843482653021, 0.16717627313569405, 0.15274876890238098, 0.13917412387986072, 0.12509275513287288, 0.11184378434205589, 0.09810024681941276, 0.08516913689169736, 0.07239030231811827, 0.05976194992054973, 0.04728230763713759, 0.03494962427363468, 0.02336811931833105, 0.01131704685408641, 2.220446049250313e-16, 2.220446049250313e-16], "file_indices": [0, 1, 2, 3, 4, 5, 6, 7, 8, 9, 10, 11, 12, 13, 14, 15, 16, 17, 18, 19, 20, 21, 22, 23, 24, 25, 26, 27, 28, 29, 30, 31, 32, 33, 34, 35, 36, 37, 38, 39, 40, 41, 42, 43, 44, 45, 46, 47, 48, 49, 50, 51, 52, 53, 54, 55, 56, 57, 58, 59, 60, 61, 62, 63, 64, 65, 66, 67, 68, 69, 70, 71, 72, 73, 74, 75, 76, 77, 78, 79, 80, 81, 82, 83, 84, 85, 86, 87, 88, 89, 90, 91, 92, 93, 94, 95, 96, 97, 98, 99, 100, 101, 102, 103, 104, 105, 106, 107, 108, 109, 110, 111, 112, 113, 114, 115, 116, 117, 118, 119, 120, 121, 122, 123, 124, 125, 126, 127, 128], "Omega0": [0.301712, 0.301712, 0.301712, 0.301712, 0.301712, 0.301712, 0.301712, 0.301712, 0.301712, 0.301712, 0.301712, 0.301712, 0.301712, 0.301712, 0.301712, 0.301712, 0.301712, 0.301712, 0.301712, 0.301712, 0.301712, 0.301712, 0.301712, 0.301712, 0.301712, 0.301712, 0.301712, 0.301712, 0.301712, 0.301712, 0.301712, 0.301712, 0.301712, 0.301712, 0.301712, 0.301712, 0.301712, 0.301712, 0.301712, 0.301712, 0.301712, 0.301712, 0.301712, 0.301712, 0.301712, 0.301712, 0.301712, 0.301712, 0.301712, 0.301712, 0.301712, 0.301712, 0.301712, 0.301712, 0.301712, 0.301712, 0.301712, 0.301712, 0.301712, 0.301712, 0.301712, 0.301712, 0.301712, 0.301712, 0.301712, 0.301712, 0.301712, 0.301712, 0.301712, 0.301712, 0.301712, 0.301712, 0.301712, 0.301712, 0.301712, 0.301712, 0.301712, 0.301712, 0.301712, 0.301712, 0.301712, 0.301712, 0.301712, 0.301712, 0.301712, 0.301712, 0.301712, 0.301712, 0.301712, 0.301712, 0.301712, 0.301712, 0.301712, 0.301712, 0.301712, 0.301712, 0.301712, 0.301712, 0.301712, 0.301712, 0.301712, 0.301712, 0.301712, 0.301712, 0.301712, 0.301712, 0.301712, 0.301712, 0.301712, 0.301712, 0.301712, 0.301712, 0.301712, 0.301712, 0.301712, 0.301712, 0.301712, 0.301712, 0.301712, 0.301712, 0.301712, 0.301712, 0.301712, 0.301712, 0.301712, 0.301712, 0.301712, 0.301712, 0.301712], "OmegaB": [0.04602263967414429, 0.04602263967414429, 0.04602263967414429, 0.04602263967414429, 0.04602263967414429, 0.04602263967414429, 0.04602263967414431, 0.04602263967414431, 0.04602263967414429, 0.04602263967414429, 0.04602263967414429, 0.046022639674144286, 0.04602263967414429, 0.04602263967414431, 0.04602263967414431, 0.04602263967414429, 0.04602263967414429, 0.04602263967414429, 0.04602263967414429, 0.04602263967414429, 0.04602263967414429, 0.04602263967414429, 0.04602263967414429, 0.04602263967414429, 0.04602263967414431, 0.04602263967414431, 0.04602263967414431, 0.04602263967414429, 0.04602263967414429, 0.04602263967414429, 0.04602263967414429, 0.04602263967414429, 0.04602263967414429, 0.04602263967414429, 0.04602263967414429, 0.04602263961064297, 0.04602263954161089, 0.046022639211411046, 0.046022638954169214, 0.0460226373864488, 0.04602263580514115, 0.04602263241712869, 0.04602263020583108, 0.0460226274937271, 0.04602262283256373, 0.04602261850706325, 0.04602260630084767, 0.04602260110184309, 0.0460225819953836, 0.046022555710452225, 0.046022543526215244, 0.04602251489607288, 0.04602248087661364, 0.046022436793319084, 0.046022400834302694, 0.046022330224094694, 0.046022245038030284, 0.046022160530283254, 0.0460221221272442, 0.04602205683956486, 0.046022006825354636, 0.04602193049414522, 0.046021872913385345, 0.046021742571019174, 0.046021684838176355, 0.04602143730908462, 0.04602127502215811, 0.04602116122824893, 0.046020929526789656, 0.04602071740388222, 0.04602046496600883, 0.04601992901919634, 0.04601971909278912, 0.046019549484625576, 0.04601916547975879, 0.046018839881045465, 0.04601831774579743, 0.04601754860024393, 0.04601708399493196, 0.04601600097202861, 0.046015691727517946, 0.046015518322711606, 0.0460148955595514, 0.04601444172456662, 0.046013746688568544, 0.046013611437054784, 0.046013243058214595, 0.04601257278037687, 0.04601213517867413, 0.04601160208570833, 0.04601101748954424, 0.04601063813919777, 0.046010394050909856, 0.04600998021901086, 0.04600951946866982, 0.0460091308132065, 0.046008804327365205, 0.0460086746159767, 0.04600866293160434, 0.046008511261258565, 0.04600846995751711, 0.04600855259176919, 0.046008597832761754, 0.046008599819919185, 0.04600842970016634, 0.04600833225775841, 0.04600812048330873, 0.04600804855501864, 0.04600783786909607, 0.04600780849047356, 0.04600771721069669, 0.04600768100843011, 0.04600749220754658, 0.046007206603293736, 0.046007036045415846, 0.046006817426298446, 0.046006604827385694, 0.04600638634434972, 0.04600608638204913, 0.04600588365208098, 0.04600557682526342, 0.046005345886625575, 0.046005033722548126, 0.04600484417365195, 0.0460045493432563, 0.046004307413005964, 0.04600366483007489, 0.046003313888840526, 0.046003313888840526],