{"run name": "run_2cDM_710_HY_power00_sigma1_dir_5_Vkick71.88", "DM type": "2cDM", "baryon_type": "HY", "powerLaws": [0, 0], "sigma0": 1.0, "otherInfo": ["dir", "5", "Vkick71.88"], "Vkick": 71.88, "BoxSize": 100000, "NPart": 48, "Mass Resolution": [66084704.80384494], "Softening Length": 71.83908045977012, "redshifts": [46.54721920348852, 44.5622037875765, 42.45367379881284, 40.44272246832135, 38.52483404598187, 36.87473954609402, 35.12197041925631, 33.450316031392745, 31.856022550479437, 30.48433957173081, 29.027305700565993, 27.63770051714242, 26.312403553212587, 25.04843874971757, 23.960960799485814, 22.805816183578962, 21.704129409074024, 20.65342655126237, 19.749432874416154, 18.78918956244812, 17.873384439406017, 16.999960992518137, 16.24849327990495, 15.45026662890206, 14.688980351532482, 13.962924919302699, 13.270469917365952, 12.674702104803705, 12.041863543925086, 11.438311518216711, 10.862690703911504, 10.367443572408746, 9.841380439471834, 9.339662483009523, 8.861163055704282, 8.449476294368743, 8.012172948865935, 7.5951071498715965, 7.197342343177086, 6.81798531647716, 6.491597745667503, 6.144901203416368, 5.814249101415438, 5.498898934241171, 5.198142558173861, 4.939380663491011, 4.664517702470927, 4.402374863568138, 4.1523634843230806, 3.925577791189874, 3.697631651158252, 3.4908613692606485, 3.2830330579565246, 3.084822635834013, 2.8957850057274284, 2.7331426173187188, 2.5772902716018935, 2.4442257045541464, 2.3161107439568918, 2.2003343941932285, 2.095926226826756, 1.9949242864572514, 1.9040895435327672, 1.822689252620354, 1.7370783228960591, 1.6666695561144653, 1.5980719886683934, 1.5312390291576135, 1.4690483326692818, 1.4112402265443573, 1.354785588105559, 1.299652728461826, 1.2511376829444645, 1.201037299393231, 1.1571565189806767, 1.1116476708788934, 1.0695489986846227, 1.0306937131422726, 0.9902089721812193, 0.9528432765865742, 0.918450320949258, 0.8846630848858825, 0.8514709006246495, 0.8188632882717168, 0.7868299525023363, 0.7574413726158526, 0.7285361563681614, 0.7001063537185233, 0.6741261037109307, 0.6465912010918797, 0.6214287452425136, 0.5966508105687431, 0.5722515209933166, 0.5482250902345109, 0.5263728571851616, 0.5030475232448832, 0.4818329434209512, 0.4609177941806475, 0.4402978492477432, 0.41996894199726653, 0.3999269646135635, 0.38180375206467954, 0.36230045257092924, 0.3446643463443455, 0.3272565541011043, 0.30929840757867866, 0.29234845666676534, 0.27561793689007197, 0.25910400753104357, 0.24280386464756432, 0.22744152527254502, 0.21155127941248253, 0.1965752542696484, 0.1817843482653021, 0.16717627313569405, 0.15274876890238098, 0.13917412387986072, 0.12509275513287288, 0.11184378434205589, 0.09810024681941276, 0.08516913689169736, 0.07239030231811827, 0.05976194992054973, 0.04728230763713759, 0.03494962427363468, 0.02336811931833105, 0.01131704685408641, 2.220446049250313e-16], "file_indices": [0, 1, 2, 3, 4, 5, 6, 7, 8, 9, 10, 11, 12, 13, 14, 15, 16, 17, 18, 19, 20, 21, 22, 23, 24, 25, 26, 27, 28, 29, 30, 31, 32, 33, 34, 35, 36, 37, 38, 39, 40, 41, 42, 43, 44, 45, 46, 47, 48, 49, 50, 51, 52, 53, 54, 55, 56, 57, 58, 59, 60, 61, 62, 63, 64, 65, 66, 67, 68, 69, 70, 71, 72, 73, 74, 75, 76, 77, 78, 79, 80, 81, 82, 83, 84, 85, 86, 87, 88, 89, 90, 91, 92, 93, 94, 95, 96, 97, 98, 99, 100, 101, 102, 103, 104, 105, 106, 107, 108, 109, 110, 111, 112, 113, 114, 115, 116, 117, 118, 119, 120, 121, 122, 123, 124, 125, 126, 127], "Omega0": [0.301712, 0.301712, 0.301712, 0.301712, 0.301712, 0.301712, 0.301712, 0.301712, 0.301712, 0.301712, 0.301712, 0.301712, 0.301712, 0.301712, 0.301712, 0.301712, 0.301712, 0.301712, 0.301712, 0.301712, 0.301712, 0.301712, 0.301712, 0.301712, 0.301712, 0.301712, 0.301712, 0.301712, 0.301712, 0.301712, 0.301712, 0.301712, 0.301712, 0.301712, 0.301712, 0.301712, 0.301712, 0.301712, 0.301712, 0.301712, 0.301712, 0.301712, 0.301712, 0.301712, 0.301712, 0.301712, 0.301712, 0.301712, 0.301712, 0.301712, 0.301712, 0.301712, 0.301712, 0.301712, 0.301712, 0.301712, 0.301712, 0.301712, 0.301712, 0.301712, 0.301712, 0.301712, 0.301712, 0.301712, 0.301712, 0.301712, 0.301712, 0.301712, 0.301712, 0.301712, 0.301712, 0.301712, 0.301712, 0.301712, 0.301712, 0.301712, 0.301712, 0.301712, 0.301712, 0.301712, 0.301712, 0.301712, 0.301712, 0.301712, 0.301712, 0.301712, 0.301712, 0.301712, 0.301712, 0.301712, 0.301712, 0.301712, 0.301712, 0.301712, 0.301712, 0.301712, 0.301712, 0.301712, 0.301712, 0.301712, 0.301712, 0.301712, 0.301712, 0.301712, 0.301712, 0.301712, 0.301712, 0.301712, 0.301712, 0.301712, 0.301712, 0.301712, 0.301712, 0.301712, 0.301712, 0.301712, 0.301712, 0.301712, 0.301712, 0.301712, 0.301712, 0.301712, 0.301712, 0.301712, 0.301712, 0.301712, 0.301712, 0.301712], "OmegaB": [0.04602263967414429, 0.04602263967414429, 0.046022639674144286, 0.046022639674144286, 0.04602263967414429, 0.04602263967414429, 0.04602263967414429, 0.04602263967414429, 0.04602263967414429, 0.04602263967414431, 0.04602263967414429, 0.04602263967414431, 0.046022639674144286, 0.04602263967414431, 0.04602263967414431, 0.04602263967414429, 0.04602263967414431, 0.04602263967414429, 0.04602263967414429, 0.04602263967414429, 0.046022639674144286, 0.04602263967414431, 0.046022639674144286, 0.04602263967414431, 0.046022639674144286, 0.04602263967414429, 0.046022639674144286, 0.046022639674144286, 0.04602263967414429, 0.04602263967414429, 0.04602263967414431, 0.04602263967414429, 0.04602263967414429, 0.04602263967414429, 0.04602263959898583, 0.04602263967414429, 0.04602263947837202, 0.04602263949592423, 0.046022638629735664, 0.04602263853332947, 0.04602263680640684, 0.04602263195409315, 0.04602263055911219, 0.04602262842489382, 0.0460226249325387, 0.046022616199778814, 0.04602260608163828, 0.04602259873316894, 0.046022585656229076, 0.04602256966002924, 0.046022535429158705, 0.046022513213337696, 0.04602246986998246, 0.04602243657981549, 0.04602239908323937, 0.04602233977684308, 0.04602228608612751, 0.04602223506131541, 0.04602217818716626, 0.04602210884606943, 0.04602207388532506, 0.04602200578662806, 0.046021934731718936, 0.046021856070906586, 0.04602170146440483, 0.04602154452168473, 0.046021493506815496, 0.046021308068055336, 0.046021237855241856, 0.04602113300479261, 0.04602110060602533, 0.04602090520241811, 0.04602077732223259, 0.04602047081919221, 0.046020343360255296, 0.046020141307915374, 0.04601994854827105, 0.04601966691093297, 0.04601943905968785, 0.04601909885032965, 0.046018696877123545, 0.046018476743017005, 0.046018156482381, 0.04601809084364175, 0.04601758297526951, 0.046017179166013306, 0.046016978574863365, 0.046016638442006395, 0.04601632941749273, 0.04601609139487686, 0.04601551194981185, 0.046015093934847394, 0.04601470566720035, 0.04601451627021246, 0.046014344150636904, 0.04601383006652953, 0.04601361655395964, 0.04601317919125921, 0.04601292019389565, 0.04601252202091845, 0.046012235383771194, 0.04601207095036042, 0.04601168943866092, 0.046011643195514415, 0.04601116164842151, 0.046010935643115404, 0.04601052721907742, 0.046010371527413954, 0.04601016694941737, 0.04601004938338387, 0.04600996961640911, 0.046009731804545775, 0.04600929707357738, 0.046008979530025265, 0.04600864186898912, 0.04600835791548614, 0.04600798926671388, 0.046007974346902576, 0.04600771283808141, 0.04600735502475417, 0.04600682058755572, 0.04600673809263937, 0.04600652429899094, 0.04600638279465441, 0.0460062127064929, 0.0460061852924158, 0.0460059761778204, 0.046005604875554836],