{"run name": "run_2cDM_DREAMS116_HY_power00_sigma1_dir_0_Vkick100.00", "DM type": "2cDM", "baryon_type": "HY", "powerLaws": [0, 0], "sigma0": 1.0, "otherInfo": ["dir", "0", "Vkick100.00"], "Vkick": 100.0, "BoxSize": 100000, "NPart": 114, "Mass Resolution": [1033520.3698681736], "Softening Length": 30.248033877797944, "redshifts": [46.54721920348852, 44.5622037875765, 42.45367379881284, 40.44272246832135, 38.52483404598187, 36.87473954609402, 35.12197041925631, 33.450316031392745, 31.856022550479437, 30.48433957173081, 29.027305700565993, 27.63770051714242, 26.312403553212587, 25.04843874971757, 23.960960799485814, 22.805816183578962, 21.75798278824079, 20.704787701003646, 19.749432874416154, 18.78918956244812, 17.91815142914883, 17.042656253228273, 16.24849327990495, 15.45026662890206, 14.726194049199014, 13.998416439572186, 13.304318959251733, 12.674702104803705, 12.041863543925086, 11.467814746211756, 10.890828580017889, 10.367443572408746, 9.841380439471834, 9.364187790900491, 8.884553380146844, 8.449476294368743, 8.012172948865935, 7.5951071498715965, 7.2167861446729695, 6.83652929673655, 6.491597745667503, 6.153369908988473, 5.830412255438365, 5.522035372533928, 5.220208287196256, 4.939380663491011, 4.6712317396933365, 4.415189102629535, 4.1645847053761695, 3.931415978016882, 3.705986135915696, 3.4908613692606485, 3.285570602088767, 3.089664292734823, 2.902713449433865, 2.7353543710024324, 2.583652289585928, 2.4442257045541464, 2.318075421148577, 2.204127685233242, 2.095926226826756, 1.9984741090888938, 1.9075317015975188, 1.822689252620354, 1.742758201495672, 1.6682494625950324, 1.5980719886683934, 1.5319887524928832, 1.469779635849103, 1.4112402265443573, 1.354785588105559, 1.3016967243112427, 1.2511376829444645, 1.2029936430831656, 1.1571565189806767, 1.113524562559662, 1.0713884718846933, 1.0306937131422726, 0.9919779257402757, 0.9545790184672929, 0.9190185434508082, 0.8846630848858825, 0.8514709006246495, 0.8194020142613121, 0.7884181370840015, 0.7584825938678252, 0.7290481285198867, 0.7011136060193328, 0.6741261037109307, 0.647566747575876, 0.6219089934343205, 0.597123719826689, 0.5727172034676407, 0.5496011961218183, 0.5263728571851616, 0.5043834740434374, 0.48271087652108324, 0.46135050090987906, 0.4407244485909436, 0.4208102228858266, 0.4011712589671146, 0.38180375206467954, 0.36310756693894675, 0.3450626201647744, 0.3272565541011043, 0.30968620642252054, 0.29234845666676534, 0.27561793689007197, 0.25910400753104357, 0.243171968587081, 0.22744152527254502, 0.21191012670252096, 0.19692966583655291, 0.18213437893919204, 0.1675219770689318, 0.15309019957794945, 0.13917412387986072, 0.125425994421281, 0.11184378434205589, 0.09842549124320032, 0.08549055127227123, 0.07270793175765555, 0.060075838990106156, 0.047592500382905634, 0.03525616422312572, 0.02336811931833105, 0.011616587111110688, 2.220446049250313e-16], "file_indices": [0, 1, 2, 3, 4, 5, 6, 7, 8, 9, 10, 11, 12, 13, 14, 15, 16, 17, 18, 19, 20, 21, 22, 23, 24, 25, 26, 27, 28, 29, 30, 31, 32, 33, 34, 35, 36, 37, 38, 39, 40, 41, 42, 43, 44, 45, 46, 47, 48, 49, 50, 51, 52, 53, 54, 55, 56, 57, 58, 59, 60, 61, 62, 63, 64, 65, 66, 67, 68, 69, 70, 71, 72, 73, 74, 75, 76, 77, 78, 79, 80, 81, 82, 83, 84, 85, 86, 87, 88, 89, 90, 91, 92, 93, 94, 95, 96, 97, 98, 99, 100, 101, 102, 103, 104, 105, 106, 107, 108, 109, 110, 111, 112, 113, 114, 115, 116, 117, 118, 119, 120, 121, 122, 123, 124, 125, 126, 127], "Omega0": [0.301712, 0.301712, 0.301712, 0.301712, 0.301712, 0.301712, 0.301712, 0.301712, 0.301712, 0.301712, 0.301712, 0.301712, 0.301712, 0.301712, 0.301712, 0.301712, 0.301712, 0.301712, 0.301712, 0.301712, 0.301712, 0.301712, 0.301712, 0.301712, 0.301712, 0.301712, 0.301712, 0.301712, 0.301712, 0.301712, 0.301712, 0.301712, 0.301712, 0.301712, 0.301712, 0.301712, 0.301712, 0.301712, 0.301712, 0.301712, 0.301712, 0.301712, 0.301712, 0.301712, 0.301712, 0.301712, 0.301712, 0.301712, 0.301712, 0.301712, 0.301712, 0.301712, 0.301712, 0.301712, 0.301712, 0.301712, 0.301712, 0.301712, 0.301712, 0.301712, 0.301712, 0.301712, 0.301712, 0.301712, 0.301712, 0.301712, 0.301712, 0.301712, 0.301712, 0.301712, 0.301712, 0.301712, 0.301712, 0.301712, 0.301712, 0.301712, 0.301712, 0.301712, 0.301712, 0.301712, 0.301712, 0.301712, 0.301712, 0.301712, 0.301712, 0.301712, 0.301712, 0.301712, 0.301712, 0.301712, 0.301712, 0.301712, 0.301712, 0.301712, 0.301712, 0.301712, 0.301712, 0.301712, 0.301712, 0.301712, 0.301712, 0.301712, 0.301712, 0.301712, 0.301712, 0.301712, 0.301712, 0.301712, 0.301712, 0.301712, 0.301712, 0.301712, 0.301712, 0.301712, 0.301712, 0.301712, 0.301712, 0.301712, 0.301712, 0.301712, 0.301712, 0.301712, 0.301712, 0.301712, 0.301712, 0.301712, 0.301712, 0.301712], "OmegaB": [0.046064841873003054, 0.046064841873003054, 0.04606484187300305, 0.046064841873003054, 0.04606484187300305, 0.046064841873003054, 0.046064841873003054, 0.046064841873003054, 0.04606484187300306, 0.046064841873003054, 0.046064841873003054, 0.046064841873003054, 0.046064841873003054, 0.046064841873003054, 0.046064841873003054, 0.046064841873003054, 0.046064841873003054, 0.046064841873003054, 0.046064841873003054, 0.046064841873003054, 0.046064841873003054, 0.04606484187242368, 0.04606484187067169, 0.046064841862401895, 0.046064841858923136, 0.0460648418519749, 0.046064841831469625, 0.0460648418101144, 0.0460648418074353, 0.04606484176507066, 0.04606484172953322, 0.04606484171426137, 0.04606484167756327, 0.046064841637473625, 0.046064841560899926, 0.0460648414559871, 0.04606484134001082, 0.046064841061985946, 0.04606484060085489, 0.04606483989540666, 0.04606483956159469, 0.0460648329294433, 0.04606483167711894, 0.04606481771332363, 0.04606480139287228, 0.046064792090028825, 0.046064744437456756, 0.04606470961620277, 0.04606468444953267, 0.04606464033174715, 0.04606457955687571, 0.04606450041505147, 0.04606440101925514, 0.04606424761175468, 0.04606421995154154, 0.04606400080547288, 0.046063653274000055, 0.04606327880430257, 0.046062869611176976, 0.046062570640617334, 0.04606212002134187, 0.046061948908456316, 0.04606095372225567, 0.04606014184036195, 0.046059273658280754, 0.04605837091639188, 0.046057626573619205, 0.04605715197666104, 0.04605647575173425, 0.046055907510970336, 0.04605514197745533, 0.046054823411794475, 0.046053534301404846, 0.04605282514611451, 0.0460522326304624, 0.04605146313770916, 0.04605052411034534, 0.04604988761986251, 0.04604907371081413, 0.04604832208678019, 0.046047630697293625, 0.04604677575528441, 0.046046120649249414, 0.046045256340668674, 0.04604418025513378, 0.04604346469325902, 0.046042942640671165, 0.04604240132892804, 0.04604147241860356, 0.04604020764265434, 0.046039954005258704, 0.04603964082211375, 0.046038871767912076, 0.0460386369459515, 0.04603807686047166, 0.04603741086116391, 0.04603656102589578, 0.04603601187603532, 0.046035768371744806, 0.04603515398501517, 0.04603466877689695, 0.04603415524445455, 0.04603366734246625, 0.04603342219495024, 0.04603314759040516, 0.04603295110573673, 0.046032678897503544, 0.04603244907478919, 0.046032389187843664, 0.046032494560125696, 0.04603252917502026, 0.046032495922424414, 0.04603241686886734, 0.04603234125691666, 0.04603238975702249, 0.04603236075339577, 0.04603228838707897, 0.04603203668920571, 0.04603201643294333, 0.046031812735282195, 0.04603168652233197, 0.04603174284807769, 0.04603158390091479, 0.04603137782362798, 0.04603130879588851, 0.046031140645836646, 0.04603064602698997, 0.04603054875971819],