{"run name": "run_2cDM_DREAMS116_DM_power00_sigma1_dir_4_Vkick100.00", "DM type": "2cDM", "baryon_type": "DM", "powerLaws": [0, 0], "sigma0": 1.0, "otherInfo": ["dir", "4", "Vkick100.00"], "Vkick": 100.0, "BoxSize": 100000, "NPart": 114, "Mass Resolution": [1219564.2226546092], "Softening Length": 30.248033877797944, "redshifts": [2.220446049250313e-16], "file_indices": [127], "Omega0": [0.301712]}