{"run name": "run_CDM_L3N512_HY", "DM type": "CDM", "baryon_type": "HY", "otherInfo": [], "BoxSize": 3000, "NPart": 512, "Mass Resolution": [14668.007799001422], "Softening Length": 0.20204741379310345, "redshifts": [8.97753907993274, 5.236226422509304, 3.997243005033612, 2.9999151729465807], "file_indices": [1, 2, 3, 4], "Omega0": [0.301712, 0.301712, 0.301712, 0.301712], "OmegaB": [0.04727909406403321, 0.0472376407249359, 0.047180220298380975, 0.046990310119731295], "OmegaStar": [1.2935359551094226e-05, 5.43886986484026e-05, 0.000111700925251227, 0.00030160489132447145]}