{"run name": "run_CDM_L3N128_HY_var4", "DM type": "CDM", "baryon_type": "HY", "otherInfo": ["var4"], "BoxSize": 3000, "NPart": 128, "Mass Resolution": [938752.499136091, 168984.7020378031], "Softening Length": 0.8081896551724138, "redshifts": [99.0, 8.955128609158502, 5.236226422509304, 3.9916277163626868, 2.995420558949888, 2.0300187258611033, 0.9988548118735108, 4.440892098500626e-16], "file_indices": [0, 1, 2, 3, 4, 5, 6, 7], "Omega0": [0.301712, 0.301712, 0.301712, 0.301712, 0.301712, 0.301712, 0.301712, 0.301712], "OmegaB": [0.04729202942358431, 0.047279166463081085, 0.04724008356918721, 0.04718816399366426, 0.047118908258436974, 0.04701097028228541, 0.04648336369971453, 0.04533268030189791], "OmegaStar": [1.2862960503213254e-05, 5.1945854397084574e-05, 0.00010375426281556244, 0.00017297518105063986, 0.00028072562020777355, 0.0008078330383553669, 0.0019563921626785303]}