{"run name": "run_2cDM_L3N256_HY_power00_sigma1_dir_6", "DM type": "2cDM", "baryon_type": "HY", "powerLaws": [0, 0], "sigma0": 1.0, "otherInfo": ["dir", "6"], "BoxSize": 3000, "NPart": 256, "Mass Resolution": [117344.06239201137, 21123.087754725388], "Softening Length": 0.4040948275862069, "redshifts": [99.0, 8.955128609158502, 5.236226422509304, 3.997243005033612, 2.9999151729465807, 2.0300187258611033, 0.999978793124213, 4.440892098500626e-16], "file_indices": [0, 1, 2, 3, 4, 5, 6, 7], "Omega0": [0.301712, 0.301712, 0.301712, 0.301712, 0.301712, 0.301712, 0.301712, 0.301712], "OmegaB": [0.04729202942358431, 0.04727276112019509, 0.0472046640250321, 0.04706359049619626, 0.04673563273126623, 0.04580734512453953, 0.043635815181263984, 0.04142348112240475], "OmegaStar": [1.9268303389218373e-05, 8.736539855220159e-05, 0.00022822041677992072, 0.0005560373762335761, 0.0014841120786612263, 0.003653793105255257, 0.005861484639617134]}