{"run name": "run_2cDM_L3N256_HY_power00_sigma1_dir_3", "DM type": "2cDM", "baryon_type": "HY", "powerLaws": [0, 0], "sigma0": 1.0, "otherInfo": ["dir", "3"], "BoxSize": 3000, "NPart": 256, "Mass Resolution": [117344.06239201137, 21123.087754725388], "Softening Length": 0.4040948275862069, "redshifts": [99.0, 8.97753907993274, 5.236226422509304, 3.9916277163626868, 2.9999151729465807, 2.0300187258611033, 0.9988548118735108, 4.440892098500626e-16], "file_indices": [0, 1, 2, 3, 4, 5, 6, 7], "Omega0": [0.301712, 0.301712, 0.301712, 0.301712, 0.301712, 0.301712, 0.301712, 0.301712], "OmegaB": [0.04729202942358431, 0.04728312646291799, 0.04725880149063708, 0.04723402963233418, 0.04719767307680783, 0.04709833792054381, 0.04677884329245211, 0.04583507352568632], "OmegaStar": [8.902960666307565e-06, 3.322793294721539e-05, 5.7999791250120103e-05, 9.435634677646371e-05, 0.00019356706412220658, 0.0005128169174071401, 0.0014550388834407625]}