{"run name": "run_2cDM_DREAMS116_HY_powerm2m2_sigma1_dir_5_Vkick100.00", "DM type": "2cDM", "baryon_type": "HY", "powerLaws": [-2, -2], "sigma0": 1.0, "otherInfo": ["dir", "5", "Vkick100.00"], "Vkick": 100.0, "BoxSize": 100000, "NPart": 114, "Mass Resolution": [1033520.3698681736], "Softening Length": 30.248033877797944, "redshifts": [46.54721920348852, 44.5622037875765, 42.45367379881284, 40.44272246832135, 38.52483404598187, 36.87473954609402, 35.12197041925631, 33.450316031392745, 31.856022550479437, 30.48433957173081, 29.027305700565993, 27.63770051714242, 26.312403553212587, 25.04843874971757, 23.960960799485814, 22.805816183578962, 21.75798278824079, 20.704787701003646, 19.749432874416154, 18.78918956244812, 17.91815142914883, 17.042656253228273, 16.24849327990495, 15.45026662890206, 14.726194049199014, 13.998416439572186, 13.304318959251733, 12.674702104803705, 12.041863543925086, 11.467814746211756, 10.890828580017889, 10.367443572408746, 9.841380439471834, 9.364187790900491, 8.884553380146844, 8.449476294368743, 8.012172948865935, 7.5951071498715965, 7.2167861446729695, 6.83652929673655, 6.491597745667503, 6.153369908988473, 5.830412255438365, 5.522035372533928, 5.220208287196256, 4.939380663491011, 4.6712317396933365, 4.415189102629535, 4.1645847053761695, 3.931415978016882, 3.705986135915696, 3.4908613692606485, 3.285570602088767, 3.089664292734823, 2.902713449433865, 2.7353543710024324, 2.583652289585928, 2.4442257045541464, 2.318075421148577, 2.204127685233242, 2.095926226826756, 1.9984741090888938, 1.9075317015975188, 1.822689252620354, 1.742758201495672, 1.6682494625950324, 1.5980719886683934, 1.5319887524928832, 1.469779635849103, 1.4112402265443573, 1.354785588105559, 1.3016967243112427, 1.2511376829444645, 1.2029936430831656, 1.1571565189806767, 1.113524562559662, 1.0713884718846933, 1.0306937131422726, 0.9919779257402757, 0.9545790184672929, 0.9190185434508082, 0.8846630848858825, 0.8514709006246495, 0.8194020142613121, 0.7884181370840015, 0.7584825938678252, 0.7290481285198867, 0.7011136060193328, 0.6741261037109307, 0.647566747575876, 0.6219089934343205, 0.597123719826689, 0.5727172034676407, 0.5496011961218183, 0.5263728571851616, 0.5043834740434374, 0.48271087652108324, 0.46135050090987906, 0.4407244485909436, 0.4208102228858266, 0.4011712589671146, 0.38180375206467954, 0.36310756693894675, 0.3450626201647744, 0.3272565541011043, 0.30968620642252054, 0.29234845666676534, 0.27561793689007197, 0.25910400753104357, 0.243171968587081, 0.22744152527254502, 0.21191012670252096, 0.19692966583655291, 0.18213437893919204, 0.1675219770689318, 0.15309019957794945, 0.13917412387986072, 0.125425994421281, 0.11184378434205589, 0.09842549124320032, 0.08549055127227123, 0.07270793175765555, 0.060075838990106156, 0.047592500382905634, 0.03525616422312572, 0.02336811931833105, 0.011616587111110688, 2.220446049250313e-16], "file_indices": [0, 1, 2, 3, 4, 5, 6, 7, 8, 9, 10, 11, 12, 13, 14, 15, 16, 17, 18, 19, 20, 21, 22, 23, 24, 25, 26, 27, 28, 29, 30, 31, 32, 33, 34, 35, 36, 37, 38, 39, 40, 41, 42, 43, 44, 45, 46, 47, 48, 49, 50, 51, 52, 53, 54, 55, 56, 57, 58, 59, 60, 61, 62, 63, 64, 65, 66, 67, 68, 69, 70, 71, 72, 73, 74, 75, 76, 77, 78, 79, 80, 81, 82, 83, 84, 85, 86, 87, 88, 89, 90, 91, 92, 93, 94, 95, 96, 97, 98, 99, 100, 101, 102, 103, 104, 105, 106, 107, 108, 109, 110, 111, 112, 113, 114, 115, 116, 117, 118, 119, 120, 121, 122, 123, 124, 125, 126, 127], "Omega0": [0.301712, 0.301712, 0.301712, 0.301712, 0.301712, 0.301712, 0.301712, 0.301712, 0.301712, 0.301712, 0.301712, 0.301712, 0.301712, 0.301712, 0.301712, 0.301712, 0.301712, 0.301712, 0.301712, 0.301712, 0.301712, 0.301712, 0.301712, 0.301712, 0.301712, 0.301712, 0.301712, 0.301712, 0.301712, 0.301712, 0.301712, 0.301712, 0.301712, 0.301712, 0.301712, 0.301712, 0.301712, 0.301712, 0.301712, 0.301712, 0.301712, 0.301712, 0.301712, 0.301712, 0.301712, 0.301712, 0.301712, 0.301712, 0.301712, 0.301712, 0.301712, 0.301712, 0.301712, 0.301712, 0.301712, 0.301712, 0.301712, 0.301712, 0.301712, 0.301712, 0.301712, 0.301712, 0.301712, 0.301712, 0.301712, 0.301712, 0.301712, 0.301712, 0.301712, 0.301712, 0.301712, 0.301712, 0.301712, 0.301712, 0.301712, 0.301712, 0.301712, 0.301712, 0.301712, 0.301712, 0.301712, 0.301712, 0.301712, 0.301712, 0.301712, 0.301712, 0.301712, 0.301712, 0.301712, 0.301712, 0.301712, 0.301712, 0.301712, 0.301712, 0.301712, 0.301712, 0.301712, 0.301712, 0.301712, 0.301712, 0.301712, 0.301712, 0.301712, 0.301712, 0.301712, 0.301712, 0.301712, 0.301712, 0.301712, 0.301712, 0.301712, 0.301712, 0.301712, 0.301712, 0.301712, 0.301712, 0.301712, 0.301712, 0.301712, 0.301712, 0.301712, 0.301712, 0.301712, 0.301712, 0.301712, 0.301712, 0.301712, 0.301712], "OmegaB": [0.046064841873003054, 0.04606484187300305, 0.046064841873003054, 0.046064841873003054, 0.04606484187300306, 0.046064841873003054, 0.046064841873003054, 0.046064841873003054, 0.04606484187300305, 0.04606484187300305, 0.046064841873003054, 0.046064841873003054, 0.046064841873003054, 0.046064841873003054, 0.046064841873003054, 0.046064841873003054, 0.046064841873003054, 0.046064841873003054, 0.04606484187300306, 0.046064841872527566, 0.046064841869416326, 0.04606484186855495, 0.04606484186429799, 0.04606484186222955, 0.04606484185203383, 0.04606484185360686, 0.046064841835908726, 0.04606484182865292, 0.046064841808771885, 0.04606484178485579, 0.0460648417872217, 0.04606484175421713, 0.046064841686804116, 0.0460648416478595, 0.04606484151355925, 0.046064841397969555, 0.046064841258880794, 0.04606484090281989, 0.04606484054255871, 0.04606484007121841, 0.04606483939139675, 0.04606483803698749, 0.04606483211495769, 0.046064810942873055, 0.04606478652581289, 0.04606476795252598, 0.046064754980297905, 0.04606474416620811, 0.04606468564509595, 0.04606456754135434, 0.04606450758424123, 0.04606440463831698, 0.04606404061523023, 0.0460639755739452, 0.04606356445272537, 0.04606341256800098, 0.0460631386089181, 0.04606286397363937, 0.04606220373102029, 0.04606175659559287, 0.0460614769453455, 0.04606084849690091, 0.046060034019988746, 0.0460589313792876, 0.04605790643121542, 0.046057111399632096, 0.04605655017230993, 0.04605562656128296, 0.04605496224589814, 0.046054274633428136, 0.046053528597013914, 0.04605279518475624, 0.04605215523302229, 0.046050764284217865, 0.046050050093349074, 0.04604963300648459, 0.04604864026740106, 0.04604804282148572, 0.04604772323529097, 0.046046427744301004, 0.04604530556937465, 0.04604487728786135, 0.04604388727456919, 0.04604330857019596, 0.04604258252183148, 0.04604215418641462, 0.046041514546446775, 0.04604112970137412, 0.04604095261746565, 0.04604059070619775, 0.04604051591681624, 0.04603967384209511, 0.04603917294756273, 0.04603856456087018, 0.04603799213868734, 0.04603767544542401, 0.04603738037726378, 0.046036892877951555, 0.046036417002256975, 0.04603616698006943, 0.046036088009254676, 0.04603542375875811, 0.046035083988297254, 0.046034685365208494, 0.046034278930834976, 0.04603415830772938, 0.046034067083907435, 0.04603392468964238, 0.046033698868180394, 0.04603348821491394, 0.04603298701307097, 0.046032768917970306, 0.04603277704737967, 0.04603249951756871, 0.04603228630411381, 0.046032217928201884, 0.046031721396110434, 0.0460315838791661, 0.04603146110970202, 0.04603138507676794, 0.046031178190106124, 0.04603102745053734, 0.04603085141546857, 0.04603078556558827, 0.04603049499760088, 0.046030364135656955, 0.046029971467310415, 0.04602984431762639],