{"run name": "run_CDM_DREAMS116_HY_dir_9", "DM type": "CDM", "baryon_type": "HY", "otherInfo": ["dir", "9"], "BoxSize": 100000, "NPart": 114, "Mass Resolution": [1033520.3698681736], "Softening Length": 30.248033877797944, "redshifts": [2.220446049250313e-16], "file_indices": [127], "Omega0": [0.301712], "OmegaB": [0.04604395131672451], "OmegaStar": [2.089046353630477e-05]}