{"run name": "run_CDM_L3N256_HY_dir_5", "DM type": "CDM", "baryon_type": "HY", "otherInfo": ["dir", "5"], "BoxSize": 3000, "NPart": 256, "Mass Resolution": [117344.06239201137, 21123.087754725388], "Softening Length": 0.4040948275862069, "redshifts": [99.0, 8.955128609158502, 5.236226422509304, 3.9916277163626868, 2.9999151729465807, 2.0300187258611033, 0.9988548118735108, 4.440892098500626e-16], "file_indices": [0, 1, 2, 3, 4, 5, 6, 7], "Omega0": [0.301712, 0.301712, 0.301712, 0.301712, 0.301712, 0.301712, 0.301712, 0.301712], "OmegaB": [0.04729202942358431, 0.04728021324488485, 0.04724464648631185, 0.047201307166199725, 0.04712195556252219, 0.04686095134832246, 0.04609983488644462, 0.04479230722586224], "OmegaStar": [1.1816178699451668e-05, 4.738293727245536e-05, 9.072225738456753e-05, 0.00016985534023331882, 0.00043074141185469185, 0.0011913104241255675, 0.0024965677498409717]}