{"run name": "run_2cDM_811_HY_power00_sigma1_dir_1_Vkick25.83", "DM type": "2cDM", "baryon_type": "HY", "powerLaws": [0, 0], "sigma0": 1.0, "otherInfo": ["dir", "1", "Vkick25.83"], "Vkick": 25.83, "BoxSize": 100000, "NPart": 96, "Mass Resolution": [8260588.100480618], "Softening Length": 35.91954022988506, "redshifts": [46.54721920348852, 44.5622037875765, 42.45367379881284, 40.44272246832135, 38.52483404598187, 36.87473954609402, 35.12197041925631, 33.450316031392745, 31.856022550479437, 30.48433957173081, 29.027305700565993, 27.63770051714242, 26.312403553212587, 25.04843874971757, 23.960960799485814, 22.805816183578962, 21.704129409074024, 20.65342655126237, 19.749432874416154, 18.78918956244812, 17.873384439406017, 16.999960992518137, 16.24849327990495, 15.45026662890206, 14.688980351532482, 13.962924919302699, 13.270469917365952, 12.674702104803705, 12.041863543925086, 11.438311518216711, 10.862690703911504, 10.367443572408746, 9.841380439471834, 9.339662483009523, 8.861163055704282, 8.449476294368743, 8.012172948865935, 7.5951071498715965, 7.2167861446729695, 6.83652929673655, 6.491597745667503, 6.144901203416368, 5.830412255438365, 5.514314088998537, 5.2128443296138, 4.939380663491011, 4.664517702470927, 4.415189102629535, 4.1645847053761695, 3.931415978016882, 3.7031996580777644, 3.4908613692606485, 3.2830330579565246, 3.089664292734823, 2.9004026001834498, 2.7331426173187188, 2.581530360749893, 2.4442257045541464, 2.3161107439568918, 2.204127685233242, 2.095926226826756, 1.9984741090888938, 1.9075317015975188, 1.822689252620354, 1.741946069204546, 1.6682494625950324, 1.5980719886683934, 1.5312390291576135, 1.4690483326692818, 1.4112402265443573, 1.354785588105559, 1.301015190578822, 1.2023413353902335, 1.1571565189806767, 1.112898746713261, 1.070775132559132, 1.0306937131422726, 0.9913880999233948, 0.9540002664885061, 0.918450320949258, 0.8846630848858825, 0.8514709006246495, 0.8188632882717168, 0.7878885854383739, 0.7584825938678252, 0.7285361563681614, 0.7011136060193328, 0.6741261037109307, 0.647566747575876, 0.6214287452425136, 0.5966508105687431, 0.5722515209933166, 0.5491423583106516, 0.5263728571851616, 0.5039380252259511, 0.48271087652108324, 0.4609177941806475, 0.4402978492477432, 0.4208102228858266, 0.40075637134625763, 0.38180375206467954, 0.36310756693894675, 0.3446643463443455, 0.3272565541011043, 0.30929840757867866, 0.29234845666676534, 0.27561793689007197, 0.25910400753104357, 0.243171968587081, 0.22744152527254502, 0.21191012670252096, 0.19692966583655291, 0.18213437893919204, 0.1675219770689318, 0.15309019957794945, 0.13917412387986072, 0.125425994421281, 0.11184378434205589, 0.09842549124320032, 0.08549055127227123, 0.07270793175765555, 0.060075838990106156, 0.047592500382905634, 0.03525616422312572, 0.02336811931833105, 0.011616587111110688, 2.220446049250313e-16, 2.220446049250313e-16], "file_indices": [0, 1, 2, 3, 4, 5, 6, 7, 8, 9, 10, 11, 12, 13, 14, 15, 16, 17, 18, 19, 20, 21, 22, 23, 24, 25, 26, 27, 28, 29, 30, 31, 32, 33, 34, 35, 36, 37, 38, 39, 40, 41, 42, 43, 44, 45, 46, 47, 48, 49, 50, 51, 52, 53, 54, 55, 56, 57, 58, 59, 60, 61, 62, 63, 64, 65, 66, 67, 68, 69, 70, 71, 72, 73, 74, 75, 76, 77, 78, 79, 80, 81, 82, 83, 84, 85, 86, 87, 88, 89, 90, 91, 92, 93, 94, 95, 96, 97, 98, 99, 100, 101, 102, 103, 104, 105, 106, 107, 108, 109, 110, 111, 112, 113, 114, 115, 116, 117, 118, 119, 120, 121, 122, 123, 124, 125, 126, 127], "Omega0": [0.301712, 0.301712, 0.301712, 0.301712, 0.301712, 0.301712, 0.301712, 0.301712, 0.301712, 0.301712, 0.301712, 0.301712, 0.301712, 0.301712, 0.301712, 0.301712, 0.301712, 0.301712, 0.301712, 0.301712, 0.301712, 0.301712, 0.301712, 0.301712, 0.301712, 0.301712, 0.301712, 0.301712, 0.301712, 0.301712, 0.301712, 0.301712, 0.301712, 0.301712, 0.301712, 0.301712, 0.301712, 0.301712, 0.301712, 0.301712, 0.301712, 0.301712, 0.301712, 0.301712, 0.301712, 0.301712, 0.301712, 0.301712, 0.301712, 0.301712, 0.301712, 0.301712, 0.301712, 0.301712, 0.301712, 0.301712, 0.301712, 0.301712, 0.301712, 0.301712, 0.301712, 0.301712, 0.301712, 0.301712, 0.301712, 0.301712, 0.301712, 0.301712, 0.301712, 0.301712, 0.301712, 0.301712, 0.301712, 0.301712, 0.301712, 0.301712, 0.301712, 0.301712, 0.301712, 0.301712, 0.301712, 0.301712, 0.301712, 0.301712, 0.301712, 0.301712, 0.301712, 0.301712, 0.301712, 0.301712, 0.301712, 0.301712, 0.301712, 0.301712, 0.301712, 0.301712, 0.301712, 0.301712, 0.301712, 0.301712, 0.301712, 0.301712, 0.301712, 0.301712, 0.301712, 0.301712, 0.301712, 0.301712, 0.301712, 0.301712, 0.301712, 0.301712, 0.301712, 0.301712, 0.301712, 0.301712, 0.301712, 0.301712, 0.301712, 0.301712, 0.301712, 0.301712, 0.301712, 0.301712, 0.301712, 0.301712, 0.301712, 0.301712], "OmegaB": [0.04602263967414429, 0.04602263967414429, 0.04602263967414429, 0.04602263967414429, 0.04602263967414431, 0.04602263967414429, 0.04602263967414429, 0.04602263967414429, 0.046022639674144286, 0.046022639674144286, 0.04602263967414429, 0.04602263967414429, 0.04602263967414431, 0.04602263967414429, 0.04602263967414429, 0.046022639674144286, 0.04602263967414429, 0.04602263967414431, 0.04602263967414429, 0.04602263967414431, 0.046022639674144286, 0.04602263967414429, 0.046022639674144286, 0.04602263967414429, 0.04602263967414429, 0.046022639657491725, 0.04602263963422194, 0.04602263963612833, 0.04602263960736943, 0.04602263943197461, 0.046022639189828296, 0.046022638960416966, 0.04602263880035711, 0.04602263221914225, 0.04602262052161356, 0.046022592942102335, 0.04602257915264992, 0.04602250612354682, 0.046022369277052624, 0.04602213135500526, 0.04602177050496479, 0.04602107840945648, 0.04602019319334522, 0.04601893557934997, 0.04601697633807537, 0.04601416123285916, 0.04601005251574572, 0.0460047325241709, 0.04599692383426244, 0.04598696263250445, 0.045974847237419486, 0.04595931917131714, 0.04593964109008153, 0.04591711065057272, 0.045889735440967194, 0.04586084452556027, 0.04583059839638451, 0.045799250212400375, 0.04576768444914893, 0.045736687803481356, 0.04570412320875024, 0.04567108439827976, 0.045639679349197174, 0.04560927350332078, 0.0455776850819026, 0.045548265505347074, 0.04551797263378115, 0.045489204442482466, 0.04546172271811434, 0.045435644402380466, 0.04540824731908363, 0.04538307474670059, 0.04533454573219341, 0.04531105391329645, 0.04528991900102477, 0.045268452277225035, 0.04524788629466779, 0.045227521874358544, 0.04520828264475981, 0.04518957527217585, 0.04517229121965505, 0.04515673122866893, 0.045140257186542986, 0.04512569512324801, 0.045111586158049076, 0.045098437067289096, 0.04508626166902097, 0.045073329853950794, 0.04506161758039902, 0.04505010326755474, 0.04504053607804058, 0.045031849839108844, 0.04502301571579217, 0.04501435713493806, 0.04500651811249365, 0.044999996143978545, 0.04499327859949691, 0.04498622016781686, 0.04498108923502311, 0.044976447875764304, 0.044972380422017566, 0.04496878375727098, 0.04496473933648359, 0.04496103927804848, 0.0449576841732925, 0.044954389682655006, 0.044951636703042204, 0.04494893976600095, 0.044946706111073896, 0.044945021870782864, 0.04494408834163613, 0.044942886053472755, 0.04494146967292106, 0.044940339430881555, 0.04493954097429032, 0.04493895587396805, 0.04493826832439746, 0.044937749258053085, 0.04493722265102517, 0.04493672846667002, 0.0449363015861994, 0.04493624126828148, 0.044936265059695, 0.0449362309508089, 0.0449362398740129, 0.04493654205555029, 0.044936486559053954, 0.04493648647515053],