{"run name": "run_2cDM_L3N512_HY_power00_sigma1", "DM type": "2cDM", "baryon_type": "HY", "powerLaws": [0, 0], "sigma0": 1.0, "otherInfo": [], "BoxSize": 3000, "NPart": 512, "Mass Resolution": [14668.007799001422, 2640.3859693406735], "Softening Length": 0.20204741379310345, "redshifts": [99.0, 8.97753907993274, 5.236226422509304, 3.997243005033612, 2.9999151729465807, 2.0300187258611033], "file_indices": [0, 1, 2, 3, 4, 5], "Omega0": [0.301712, 0.301712, 0.301712, 0.301712, 0.301712, 0.301712], "OmegaB": [0.04729202942358431, 0.0472800312596321, 0.04724304582289534, 0.04718978510142868, 0.04701940812575551, 0.04656116380728261], "OmegaStar": [1.1998163952190682e-05, 4.8983600688966e-05, 0.00010213705669737072, 0.0002725114945857633, 0.0007304808823609828]}