{"run name": "run_2cDM_L3N256_HY_powerm2m2_sigma0.1", "DM type": "2cDM", "baryon_type": "HY", "powerLaws": [-2, -2], "sigma0": 0.1, "otherInfo": [], "BoxSize": 3000, "NPart": 256, "Mass Resolution": [117344.06239201137, 21123.087754725388], "Softening Length": 0.4040948275862069, "redshifts": [99.0, 8.955128609158502, 5.236226422509304, 3.9916277163626868, 2.9999151729465807, 2.0300187258611033, 0.9988548118735108, 4.440892098500626e-16], "file_indices": [0, 1, 2, 3, 4, 5, 6, 7], "Omega0": [0.301712, 0.301712, 0.301712, 0.301712, 0.301712, 0.301712, 0.301712, 0.301712], "OmegaB": [0.04729202942358431, 0.04728037804927294, 0.047246245829885875, 0.04720240657036252, 0.047088986786109455, 0.0468861783509608, 0.04616311855272784, 0.04492822510657879], "OmegaStar": [1.1651374311360974e-05, 4.578359369842658e-05, 8.951422901565277e-05, 0.00020292157964604287, 0.00040542948919243933, 0.0011277283901089297, 0.002359816296686426]}