{"run name": "run_2cDM_L3N256_HY_powerm2m2_sigma1_dir_6", "DM type": "2cDM", "baryon_type": "HY", "powerLaws": [-2, -2], "sigma0": 1.0, "otherInfo": ["dir", "6"], "BoxSize": 3000, "NPart": 256, "Mass Resolution": [117344.06239201137, 21123.087754725388], "Softening Length": 0.4040948275862069, "redshifts": [99.0, 8.955128609158502, 5.236226422509304, 3.997243005033612, 2.9999151729465807, 2.0300187258611033, 0.999978793124213, 4.440892098500626e-16], "file_indices": [0, 1, 2, 3, 4, 5, 6, 7], "Omega0": [0.301712, 0.301712, 0.301712, 0.301712, 0.301712, 0.301712, 0.301712, 0.301712], "OmegaB": [0.04729202942358431, 0.04728135926579658, 0.04722203249589343, 0.047102458763631255, 0.04680258290935535, 0.045975041253978166, 0.04358055453590493, 0.04180269161739786], "OmegaStar": [1.067015778772542e-05, 6.999692769087641e-05, 0.00018935267648516007, 0.0004891003746630204, 0.0013164775217257981, 0.003709002527920049, 0.005480786365239389]}