{"run name": "run_SIDM_DREAMS116_HY_power0_sigma1_dir_1", "DM type": "SIDM", "baryon_type": "HY", "powerLaws": [0], "sigma0": 1.0, "otherInfo": ["dir", "1"], "BoxSize": 100000, "NPart": 114, "Mass Resolution": [1033520.3698681736], "Softening Length": 30.248033877797944, "redshifts": [2.220446049250313e-16], "file_indices": [127], "Omega0": [0.301712], "OmegaB": [0.046040103251884824], "OmegaStar": [2.4738519159874005e-05]}