{"run name": "run_2cDM_L3N256_HY_power00_sigma1_dir_8", "DM type": "2cDM", "baryon_type": "HY", "powerLaws": [0, 0], "sigma0": 1.0, "otherInfo": ["dir", "8"], "BoxSize": 3000, "NPart": 256, "Mass Resolution": [117344.06239201137, 21123.087754725388], "Softening Length": 0.4040948275862069, "redshifts": [99.0, 8.955128609158502, 5.236226422509304, 3.9916277163626868, 2.995420558949888, 2.0300187258611033, 0.9988548118735108, 4.440892098500626e-16], "file_indices": [0, 1, 2, 3, 4, 5, 6, 7], "Omega0": [0.301712, 0.301712, 0.301712, 0.301712, 0.301712, 0.301712, 0.301712, 0.301712], "OmegaB": [0.04729202942358431, 0.047284528842196874, 0.047269285317023, 0.047246497735711504, 0.047206405787952224, 0.04707351407175696, 0.04615430711792024, 0.04396282268509812], "OmegaStar": [7.500581387421715e-06, 2.2744106561299516e-05, 4.553168787280074e-05, 8.551493469072584e-05, 0.00021828664948039927, 0.0011372865324936045, 0.003322512608398084]}