{"run name": "run_2cDM_710_HY_powerm2m2_sigma1", "DM type": "2cDM", "baryon_type": "HY", "powerLaws": [-2, -2], "sigma0": 1.0, "otherInfo": [], "BoxSize": 100000, "NPart": 48, "Mass Resolution": [66084704.80384494], "Softening Length": 71.83908045977012, "redshifts": [46.54721920348852, 44.5622037875765, 42.45367379881284, 40.44272246832135, 38.52483404598187, 36.87473954609402, 35.12197041925631, 33.450316031392745, 31.856022550479437, 30.48433957173081, 29.027305700565993, 27.63770051714242, 26.312403553212587, 25.04843874971757, 23.960960799485814, 22.805816183578962, 21.704129409074024, 20.65342655126237, 19.749432874416154, 18.78918956244812, 17.873384439406017, 16.999960992518137, 16.24849327990495, 15.45026662890206, 14.688980351532482, 13.962924919302699, 13.270469917365952, 12.674702104803705, 12.041863543925086, 11.438311518216711, 10.862690703911504, 10.367443572408746, 9.841380439471834, 9.339662483009523, 8.861163055704282, 8.449476294368743, 8.012172948865935, 7.5951071498715965, 7.197342343177086, 6.81798531647716, 6.491597745667503, 6.144901203416368, 5.814249101415438, 5.498898934241171, 5.198142558173861, 4.939380663491011, 4.664517702470927, 4.402374863568138, 4.1523634843230806, 3.925577791189874, 3.697631651158252, 3.4908613692606485, 3.2830330579565246, 3.084822635834013, 2.8957850057274284, 2.7331426173187188, 2.5772902716018935, 2.4442257045541464, 2.3161107439568918, 2.2003343941932285, 2.095926226826756, 1.9949242864572514, 1.9040895435327672, 1.822689252620354, 1.7370783228960591, 1.6666695561144653, 1.5980719886683934, 1.5312390291576135, 1.4690483326692818, 1.4112402265443573, 1.354785588105559, 1.299652728461826, 1.2511376829444645, 1.201037299393231, 1.1571565189806767, 1.1116476708788934, 1.0695489986846227, 1.0306937131422726, 0.9902089721812193, 0.9528432765865742, 0.918450320949258, 0.8846630848858825, 0.8514709006246495, 0.8188632882717168, 0.7868299525023363, 0.7574413726158526, 0.7285361563681614, 0.7001063537185233, 0.6741261037109307, 0.6465912010918797, 0.6214287452425136, 0.5966508105687431, 0.5722515209933166, 0.5482250902345109, 0.5263728571851616, 0.5030475232448832, 0.4818329434209512, 0.4609177941806475, 0.4402978492477432, 0.41996894199726653, 0.3999269646135635, 0.38180375206467954, 0.36230045257092924, 0.3446643463443455, 0.3272565541011043, 0.30852315433938093, 0.29234845666676534, 0.27561793689007197, 0.25910400753104357, 0.24280386464756432, 0.22744152527254502, 0.21155127941248253, 0.1965752542696484, 0.1817843482653021, 0.16717627313569405, 0.15274876890238098, 0.13917412387986072, 0.12509275513287288, 0.11184378434205589, 0.09810024681941276, 0.08516913689169736, 0.07239030231811827, 0.05976194992054973, 0.04728230763713759, 0.03494962427363468, 0.02336811931833105, 0.01131704685408641, 2.220446049250313e-16, 2.220446049250313e-16], "file_indices": [0, 1, 2, 3, 4, 5, 6, 7, 8, 9, 10, 11, 12, 13, 14, 15, 16, 17, 18, 19, 20, 21, 22, 23, 24, 25, 26, 27, 28, 29, 30, 31, 32, 33, 34, 35, 36, 37, 38, 39, 40, 41, 42, 43, 44, 45, 46, 47, 48, 49, 50, 51, 52, 53, 54, 55, 56, 57, 58, 59, 60, 61, 62, 63, 64, 65, 66, 67, 68, 69, 70, 71, 72, 73, 74, 75, 76, 77, 78, 79, 80, 81, 82, 83, 84, 85, 86, 87, 88, 89, 90, 91, 92, 93, 94, 95, 96, 97, 98, 99, 100, 101, 102, 103, 104, 105, 106, 107, 108, 109, 110, 111, 112, 113, 114, 115, 116, 117, 118, 119, 120, 121, 122, 123, 124, 125, 126, 127, 128], "Omega0": [0.301712, 0.301712, 0.301712, 0.301712, 0.301712, 0.301712, 0.301712, 0.301712, 0.301712, 0.301712, 0.301712, 0.301712, 0.301712, 0.301712, 0.301712, 0.301712, 0.301712, 0.301712, 0.301712, 0.301712, 0.301712, 0.301712, 0.301712, 0.301712, 0.301712, 0.301712, 0.301712, 0.301712, 0.301712, 0.301712, 0.301712, 0.301712, 0.301712, 0.301712, 0.301712, 0.301712, 0.301712, 0.301712, 0.301712, 0.301712, 0.301712, 0.301712, 0.301712, 0.301712, 0.301712, 0.301712, 0.301712, 0.301712, 0.301712, 0.301712, 0.301712, 0.301712, 0.301712, 0.301712, 0.301712, 0.301712, 0.301712, 0.301712, 0.301712, 0.301712, 0.301712, 0.301712, 0.301712, 0.301712, 0.301712, 0.301712, 0.301712, 0.301712, 0.301712, 0.301712, 0.301712, 0.301712, 0.301712, 0.301712, 0.301712, 0.301712, 0.301712, 0.301712, 0.301712, 0.301712, 0.301712, 0.301712, 0.301712, 0.301712, 0.301712, 0.301712, 0.301712, 0.301712, 0.301712, 0.301712, 0.301712, 0.301712, 0.301712, 0.301712, 0.301712, 0.301712, 0.301712, 0.301712, 0.301712, 0.301712, 0.301712, 0.301712, 0.301712, 0.301712, 0.301712, 0.301712, 0.301712, 0.301712, 0.301712, 0.301712, 0.301712, 0.301712, 0.301712, 0.301712, 0.301712, 0.301712, 0.301712, 0.301712, 0.301712, 0.301712, 0.301712, 0.301712, 0.301712, 0.301712, 0.301712, 0.301712, 0.301712, 0.301712, 0.301712], "OmegaB": [0.04602263967414429, 0.04602263967414429, 0.04602263967414429, 0.04602263967414431, 0.04602263967414429, 0.046022639674144286, 0.04602263967414429, 0.04602263967414429, 0.04602263967414429, 0.046022639674144286, 0.04602263967414429, 0.046022639674144286, 0.04602263967414429, 0.04602263967414429, 0.04602263967414429, 0.04602263967414429, 0.046022639674144286, 0.04602263967414431, 0.04602263967414431, 0.04602263967414431, 0.04602263967414429, 0.046022639674144286, 0.046022639674144286, 0.04602263967414429, 0.04602263967414429, 0.046022639674144286, 0.04602263967414429, 0.04602263967414429, 0.04602263967414429, 0.04602263967414429, 0.04602263962629009, 0.04602263960066319, 0.04602263954877776, 0.0460226395436473, 0.04602263950267843, 0.046022639410454265, 0.04602263929131196, 0.04602263896894765, 0.04602263888202349, 0.04602263811690737, 0.0460226378681873, 0.04602263512638156, 0.04602263217029054, 0.04602262982603855, 0.046022625126983664, 0.04602262097723671, 0.04602261799660254, 0.0460226030916677, 0.04602255434178337, 0.0460224787261506, 0.04602245409157754, 0.04602242263371906, 0.04602239801175886, 0.04602236637124349, 0.04602224558910141, 0.04602219302086573, 0.04602215392410337, 0.04602211531548765, 0.046022057048354284, 0.0460219868960266, 0.04602191954849247, 0.04602188566449871, 0.04602181061579657, 0.04602168756576019, 0.04602155355723778, 0.04602143182623586, 0.04602137600403189, 0.046021131949395125, 0.04602096566812225, 0.046020531912718085, 0.046020461606502944, 0.04602028033241197, 0.04602006685525582, 0.04602006494094576, 0.04601985216805966, 0.04601940279512645, 0.04601934808958268, 0.046018810584273796, 0.0460185886111075, 0.04601827948454755, 0.04601800414298635, 0.04601767430692627, 0.0460175082143064, 0.04601719242078631, 0.04601685240084901, 0.046016562920064674, 0.04601620027926931, 0.04601599594505002, 0.04601556780563864, 0.04601545680696541, 0.04601513408049539, 0.04601487246181153, 0.046014747572339504, 0.04601428774567105, 0.04601367958214005, 0.046013086291742805, 0.046012610949291946, 0.04601233204293344, 0.0460119116029537, 0.04601159248923388, 0.046011429528992766, 0.04601124010005453, 0.046011144463180165, 0.04601056190207706, 0.04601044723920822, 0.04601018460208059, 0.04601012279457166, 0.04600979579004907, 0.046009443503399444, 0.04600924781088066, 0.04600934142255184, 0.04600910719604119, 0.04600893972516222, 0.046008624976219874, 0.04600855556743665, 0.046008275552842474, 0.04600813332691728, 0.04600761760144303, 0.046007077607438204, 0.046006546980014516, 0.04600612959945299, 0.04600578528907009, 0.04600520977410358, 0.046005114830079935, 0.04600506871959853, 0.04600499581565813, 0.04600483145317897, 0.04600480068372158, 0.04600480064298549],