{"run name": "run_CDM_L3N256_HY_dir_4", "DM type": "CDM", "baryon_type": "HY", "otherInfo": ["dir", "4"], "BoxSize": 3000, "NPart": 256, "Mass Resolution": [117344.06239201137, 21123.087754725388], "Softening Length": 0.4040948275862069, "redshifts": [99.0, 8.955128609158502, 5.236226422509304, 3.997243005033612, 2.9999151729465807, 2.0300187258611033, 0.999978793124213, 4.440892098500626e-16], "file_indices": [0, 1, 2, 3, 4, 5, 6, 7], "Omega0": [0.301712, 0.301712, 0.301712, 0.301712, 0.301712, 0.301712, 0.301712, 0.301712], "OmegaB": [0.04729202942358431, 0.047279723921438456, 0.04723894266901204, 0.0471639079518506, 0.04705181899362191, 0.046757012114587555, 0.04521710296435999, 0.04396716537057078], "OmegaStar": [1.2305502145855465e-05, 5.308675457226428e-05, 0.00012801307635053232, 0.00024008537026378105, 0.0005346016091578784, 0.002071902213639144, 0.0033145529492538874]}