{"run name": "run_CDM_L3N128_HY_var5", "DM type": "CDM", "baryon_type": "HY", "otherInfo": ["var5"], "BoxSize": 3000, "NPart": 128, "Mass Resolution": [938752.499136091, 168984.7020378031], "Softening Length": 0.8081896551724138, "redshifts": [99.0, 8.955128609158502, 5.236226422509304, 3.9804160612484125, 2.995420558949888, 2.0300187258611033, 0.9988548118735108, 4.440892098500626e-16], "file_indices": [0, 1, 2, 3, 4, 5, 6, 7], "Omega0": [0.301712, 0.301712, 0.301712, 0.301712, 0.301712, 0.301712, 0.301712, 0.301712], "OmegaB": [0.04729202942358431, 0.04728205422591616, 0.047256103236968446, 0.04721420144659026, 0.04716119025044603, 0.04689026682340402, 0.045826971345933366, 0.04403401551743539], "OmegaStar": [9.975197668145605e-06, 3.592618661586698e-05, 7.782797699404213e-05, 0.00013060171490483042, 0.000401429985146737, 0.0014639991582253266, 0.0032561134668185917]}