{"run name": "run_2cDM_811_HY_power00_sigma1_dir_0_Vkick20.00", "DM type": "2cDM", "baryon_type": "HY", "powerLaws": [0, 0], "sigma0": 1.0, "otherInfo": ["dir", "0", "Vkick20.00"], "Vkick": 20.0, "BoxSize": 100000, "NPart": 96, "Mass Resolution": [8260588.100480618], "Softening Length": 35.91954022988506, "redshifts": [46.54721920348852, 44.5622037875765, 42.45367379881284, 40.44272246832135, 38.52483404598187, 36.87473954609402, 35.12197041925631, 33.450316031392745, 31.856022550479437, 30.48433957173081, 29.027305700565993, 27.63770051714242, 26.312403553212587, 25.04843874971757, 23.960960799485814, 22.805816183578962, 21.704129409074024, 20.65342655126237, 19.749432874416154, 18.78918956244812, 17.873384439406017, 16.999960992518137, 16.24849327990495, 15.45026662890206, 14.688980351532482, 13.962924919302699, 13.270469917365952, 12.674702104803705, 12.041863543925086, 11.438311518216711, 10.862690703911504, 10.367443572408746, 9.841380439471834, 9.339662483009523, 8.861163055704282, 8.449476294368743, 8.012172948865935, 7.2167861446729695, 6.83652929673655, 6.491597745667503, 6.144901203416368, 5.830412255438365, 5.514314088998537, 5.2128443296138, 4.939380663491011, 4.664517702470927, 4.415189102629535, 4.1645847053761695, 3.931415978016882, 3.7031996580777644, 3.4908613692606485, 3.2830330579565246, 3.089664292734823, 2.9004026001834498, 2.7331426173187188, 2.581530360749893, 2.4442257045541464, 2.3161107439568918, 2.204127685233242, 2.095926226826756, 1.9984741090888938, 1.9075317015975188, 1.822689252620354, 1.741946069204546, 1.6682494625950324, 1.5980719886683934, 1.5312390291576135, 1.4690483326692818, 1.4112402265443573, 1.354785588105559, 1.301015190578822, 1.2511376829444645, 1.2023413353902335, 1.1571565189806767, 1.112898746713261, 1.070775132559132, 1.0306937131422726, 0.9913880999233948, 0.9540002664885061, 0.918450320949258, 0.8846630848858825, 0.8514709006246495, 0.8188632882717168, 0.7878885854383739, 0.7584825938678252, 0.7285361563681614, 0.7011136060193328, 0.6741261037109307, 0.647566747575876, 0.6214287452425136, 0.5966508105687431, 0.5722515209933166, 0.5491423583106516, 0.5263728571851616, 0.5039380252259511, 0.48271087652108324, 0.4609177941806475, 0.4402978492477432, 0.4208102228858266, 0.40075637134625763, 0.38180375206467954, 0.36310756693894675, 0.3446643463443455, 0.3272565541011043, 0.30929840757867866, 0.29234845666676534, 0.27561793689007197, 0.25910400753104357, 0.243171968587081, 0.22744152527254502, 0.21191012670252096, 0.19692966583655291, 0.18213437893919204, 0.1675219770689318, 0.15309019957794945, 0.13917412387986072, 0.125425994421281, 0.11184378434205589, 0.09842549124320032, 0.08549055127227123, 0.07270793175765555, 0.060075838990106156, 0.047592500382905634, 0.03525616422312572, 0.02336811931833105, 0.011616587111110688, 2.220446049250313e-16, 2.220446049250313e-16], "file_indices": [0, 1, 2, 3, 4, 5, 6, 7, 8, 9, 10, 11, 12, 13, 14, 15, 16, 17, 18, 19, 20, 21, 22, 23, 24, 25, 26, 27, 28, 29, 30, 31, 32, 33, 34, 35, 36, 37, 38, 39, 40, 41, 42, 43, 44, 45, 46, 47, 48, 49, 50, 51, 52, 53, 54, 55, 56, 57, 58, 59, 60, 61, 62, 63, 64, 65, 66, 67, 68, 69, 70, 71, 72, 73, 74, 75, 76, 77, 78, 79, 80, 81, 82, 83, 84, 85, 86, 87, 88, 89, 90, 91, 92, 93, 94, 95, 96, 97, 98, 99, 100, 101, 102, 103, 104, 105, 106, 107, 108, 109, 110, 111, 112, 113, 114, 115, 116, 117, 118, 119, 120, 121, 122, 123, 124, 125, 126, 127], "Omega0": [0.301712, 0.301712, 0.301712, 0.301712, 0.301712, 0.301712, 0.301712, 0.301712, 0.301712, 0.301712, 0.301712, 0.301712, 0.301712, 0.301712, 0.301712, 0.301712, 0.301712, 0.301712, 0.301712, 0.301712, 0.301712, 0.301712, 0.301712, 0.301712, 0.301712, 0.301712, 0.301712, 0.301712, 0.301712, 0.301712, 0.301712, 0.301712, 0.301712, 0.301712, 0.301712, 0.301712, 0.301712, 0.301712, 0.301712, 0.301712, 0.301712, 0.301712, 0.301712, 0.301712, 0.301712, 0.301712, 0.301712, 0.301712, 0.301712, 0.301712, 0.301712, 0.301712, 0.301712, 0.301712, 0.301712, 0.301712, 0.301712, 0.301712, 0.301712, 0.301712, 0.301712, 0.301712, 0.301712, 0.301712, 0.301712, 0.301712, 0.301712, 0.301712, 0.301712, 0.301712, 0.301712, 0.301712, 0.301712, 0.301712, 0.301712, 0.301712, 0.301712, 0.301712, 0.301712, 0.301712, 0.301712, 0.301712, 0.301712, 0.301712, 0.301712, 0.301712, 0.301712, 0.301712, 0.301712, 0.301712, 0.301712, 0.301712, 0.301712, 0.301712, 0.301712, 0.301712, 0.301712, 0.301712, 0.301712, 0.301712, 0.301712, 0.301712, 0.301712, 0.301712, 0.301712, 0.301712, 0.301712, 0.301712, 0.301712, 0.301712, 0.301712, 0.301712, 0.301712, 0.301712, 0.301712, 0.301712, 0.301712, 0.301712, 0.301712, 0.301712, 0.301712, 0.301712, 0.301712, 0.301712, 0.301712, 0.301712, 0.301712, 0.301712], "OmegaB": [0.04602263967414431, 0.04602263967414429, 0.04602263967414429, 0.04602263967414429, 0.04602263967414429, 0.046022639674144286, 0.04602263967414429, 0.04602263967414429, 0.04602263967414429, 0.046022639674144286, 0.046022639674144286, 0.04602263967414429, 0.04602263967414429, 0.046022639674144286, 0.046022639674144286, 0.04602263967414429, 0.046022639674144286, 0.046022639674144286, 0.046022639674144286, 0.04602263967414431, 0.04602263967414429, 0.04602263967414429, 0.04602263967414431, 0.04602263967414431, 0.04602263967414429, 0.04602263967414429, 0.04602263964347547, 0.046022639624979926, 0.04602263953924866, 0.04602263940152624, 0.046022639175085124, 0.046022638999489676, 0.04602263870562935, 0.04602263850705743, 0.04602262419226889, 0.046022618440559035, 0.046022553465477276, 0.04602235128094357, 0.04602210433088633, 0.046021647648000236, 0.04602100373666072, 0.04602023923293367, 0.046018690403405234, 0.04601664517732561, 0.04601382620432596, 0.046009730743654435, 0.04600421878365873, 0.04599657394195003, 0.04598665657433868, 0.045974191552131415, 0.045958353745522686, 0.0459391806143162, 0.04591669522448386, 0.045889336628018106, 0.04586052993592264, 0.04582915270862297, 0.04579879976144071, 0.04576596761139284, 0.045733348458138944, 0.04569991298147751, 0.04566713358486961, 0.04563507542407641, 0.04560427965110026, 0.04557383987887019, 0.045543933676795406, 0.04551438873176814, 0.04548619729153915, 0.04545988272897374, 0.04543448303593457, 0.04540784074964778, 0.04538332399799811, 0.045360745544396244, 0.04533918631632502, 0.045316674633028846, 0.04529602003422096, 0.045275154583384006, 0.04525526605748929, 0.04523434438152407, 0.04521617085822058, 0.04519742727113907, 0.04517984526693412, 0.04516399502401207, 0.04514626095595873, 0.04512990786950061, 0.04511605289535254, 0.04510136688443783, 0.04508777131871914, 0.04507552718652479, 0.04506417159201308, 0.04505368770301522, 0.045043710988032684, 0.04503401352023535, 0.045026128803208054, 0.04501944187395366, 0.04501095419516012, 0.04500336512447241, 0.04499647849252575, 0.044990593445164526, 0.044985978311447405, 0.044981388648983565, 0.04497653248030881, 0.0449716868983897, 0.04496768762255856, 0.04496428375979876, 0.04496108664682906, 0.044958190025807324, 0.04495581485007318, 0.044954327292851586, 0.04495320907006729, 0.04495200155392491, 0.044950889486667214, 0.04495014444035032, 0.04494965221774593, 0.04494922474386955, 0.044948726387719275, 0.04494810475642835, 0.04494798282947309, 0.04494775599061592, 0.04494749835511682, 0.044947088812866805, 0.044947041283357615, 0.04494688620026562, 0.04494694505592396, 0.04494658783354501, 0.04494674380712032, 0.04494691315921293, 0.044946952237204546, 0.04494695221356033],