{"run name": "run_2cDM_L3N256_HY_powerm2m2_sigma1", "DM type": "2cDM", "baryon_type": "HY", "powerLaws": [-2, -2], "sigma0": 1.0, "otherInfo": [], "BoxSize": 3000, "NPart": 256, "Mass Resolution": [117344.06239201137, 21123.087754725388], "Softening Length": 0.4040948275862069, "redshifts": [99.0, 8.955128609158502, 5.236226422509304, 3.9916277163626868, 2.995420558949888, 2.0300187258611033, 0.9988548118735108, 4.440892098500626e-16], "file_indices": [0, 1, 2, 3, 4, 5, 6, 7], "Omega0": [0.301712, 0.301712, 0.301712, 0.301712, 0.301712, 0.301712, 0.301712, 0.301712], "OmegaB": [0.04729202942358431, 0.04728492495312114, 0.047257822006624615, 0.04722182633894262, 0.047148344501609686, 0.04693692741223281, 0.046338694537160115, 0.04510009548944178], "OmegaStar": [7.104470463163342e-06, 3.420741695968565e-05, 7.009607258564193e-05, 0.00014357226885276445, 0.00035472665294796, 0.000952323134049097, 0.0021893416114150003]}