{"run name": "run_CDM_L3N256_HY_dir_9", "DM type": "CDM", "baryon_type": "HY", "otherInfo": ["dir", "9"], "BoxSize": 3000, "NPart": 256, "Mass Resolution": [117344.06239201137, 21123.087754725388], "Softening Length": 0.4040948275862069, "redshifts": [99.0, 8.955128609158502, 5.236226422509304, 3.9916277163626868, 2.9999151729465807, 2.0300187258611033, 0.9988548118735108, 4.440892098500626e-16], "file_indices": [0, 1, 2, 3, 4, 5, 6, 7], "Omega0": [0.301712, 0.301712, 0.301712, 0.301712, 0.301712, 0.301712, 0.301712, 0.301712], "OmegaB": [0.04729202942358431, 0.047278823502017155, 0.047238264586651, 0.04717751286516243, 0.047043752458925066, 0.04652920060492939, 0.04527339799089068, 0.04289809785514439], "OmegaStar": [1.3205921567137899e-05, 5.376483693329897e-05, 0.00011440964787680212, 0.0002481612844909524, 0.0007623389461443059, 0.0020169884724492537, 0.004390904590589394]}