{"run name": "run_2cDM_811_HY_powerm2m2_sigma1_dir_8_Vkick154.85", "DM type": "2cDM", "baryon_type": "HY", "powerLaws": [-2, -2], "sigma0": 1.0, "otherInfo": ["dir", "8", "Vkick154.85"], "Vkick": 154.85, "BoxSize": 100000, "NPart": 96, "Mass Resolution": [8260588.100480618], "Softening Length": 35.91954022988506, "redshifts": [2.220446049250313e-16], "file_indices": [127], "Omega0": [0.301712], "OmegaB": [0.044945009088251796], "OmegaStar": [0.0010776300083124917]}