{"run name": "run_2cDM_DREAMS116_HY_powerm2m2_sigma1_dir_7_Vkick100.00", "DM type": "2cDM", "baryon_type": "HY", "powerLaws": [-2, -2], "sigma0": 1.0, "otherInfo": ["dir", "7", "Vkick100.00"], "Vkick": 100.0, "BoxSize": 100000, "NPart": 114, "Mass Resolution": [1033520.3698681736], "Softening Length": 30.248033877797944, "redshifts": [2.220446049250313e-16], "file_indices": [127], "Omega0": [0.301712], "OmegaB": [0.04603743248609842], "OmegaStar": [2.7409311846324308e-05]}