{"run name": "run_2cDM_L3N256_HY_power00_sigma1_dir_4", "DM type": "2cDM", "baryon_type": "HY", "powerLaws": [0, 0], "sigma0": 1.0, "otherInfo": ["dir", "4"], "BoxSize": 3000, "NPart": 256, "Mass Resolution": [117344.06239201137, 21123.087754725388], "Softening Length": 0.4040948275862069, "redshifts": [99.0, 8.955128609158502, 5.236226422509304, 3.997243005033612, 2.9999151729465807, 2.0300187258611033, 0.999978793124213, 4.440892098500626e-16], "file_indices": [0, 1, 2, 3, 4, 5, 6, 7], "Omega0": [0.301712, 0.301712, 0.301712, 0.301712, 0.301712, 0.301712, 0.301712, 0.301712], "OmegaB": [0.04729202942358431, 0.04728029267981208, 0.047242472248301005, 0.04716922417138285, 0.04705690273070141, 0.04675695369328497, 0.0453843164474638, 0.04417605405173738], "OmegaStar": [1.1736743772214793e-05, 4.955717528329361e-05, 0.0001226967980985322, 0.00023490026167344907, 0.0005347472502586711, 0.0019053351364896455, 0.0031045371963624568]}