{"run name": "run_2cDM_811_HY_power00_sigma1_dir_2_Vkick33.36", "DM type": "2cDM", "baryon_type": "HY", "powerLaws": [0, 0], "sigma0": 1.0, "otherInfo": ["dir", "2", "Vkick33.36"], "Vkick": 33.36, "BoxSize": 100000, "NPart": 96, "Mass Resolution": [8260588.100480618], "Softening Length": 35.91954022988506, "redshifts": [46.54721920348852, 44.5622037875765, 42.45367379881284, 40.44272246832135, 38.52483404598187, 36.87473954609402, 35.12197041925631, 33.450316031392745, 31.856022550479437, 30.48433957173081, 29.027305700565993, 27.63770051714242, 26.312403553212587, 25.04843874971757, 23.960960799485814, 22.805816183578962, 21.704129409074024, 20.65342655126237, 19.749432874416154, 18.78918956244812, 17.873384439406017, 16.999960992518137, 16.24849327990495, 15.45026662890206, 14.688980351532482, 13.962924919302699, 13.270469917365952, 12.674702104803705, 12.041863543925086, 11.438311518216711, 10.862690703911504, 10.367443572408746, 9.841380439471834, 9.339662483009523, 8.861163055704282, 8.449476294368743, 8.012172948865935, 7.5951071498715965, 7.2167861446729695, 6.83652929673655, 6.491597745667503, 6.144901203416368, 5.830412255438365, 5.514314088998537, 5.2128443296138, 4.939380663491011, 4.664517702470927, 4.415189102629535, 4.1645847053761695, 3.931415978016882, 3.7031996580777644, 3.4908613692606485, 3.2830330579565246, 3.089664292734823, 2.9004026001834498, 2.7331426173187188, 2.581530360749893, 2.4442257045541464, 2.3161107439568918, 2.204127685233242, 2.095926226826756, 1.9984741090888938, 1.9075317015975188, 1.822689252620354, 1.741946069204546, 1.6682494625950324, 1.5980719886683934, 1.5312390291576135, 1.4690483326692818, 1.4112402265443573, 1.354785588105559, 1.301015190578822, 1.2511376829444645, 1.2023413353902335, 1.1571565189806767, 1.112898746713261, 1.0306937131422726, 0.9913880999233948, 0.9540002664885061, 0.918450320949258, 0.8846630848858825, 0.8514709006246495, 0.8188632882717168, 0.7878885854383739, 0.7584825938678252, 0.7285361563681614, 0.7011136060193328, 0.6741261037109307, 0.647566747575876, 0.6214287452425136, 0.5966508105687431, 0.5722515209933166, 0.5491423583106516, 0.5263728571851616, 0.5039380252259511, 0.48271087652108324, 0.4609177941806475, 0.4402978492477432, 0.4208102228858266, 0.40075637134625763, 0.38180375206467954, 0.36310756693894675, 0.3446643463443455, 0.3272565541011043, 0.30929840757867866, 0.29234845666676534, 0.27561793689007197, 0.25910400753104357, 0.243171968587081, 0.22744152527254502, 0.21191012670252096, 0.19692966583655291, 0.18213437893919204, 0.1675219770689318, 0.15309019957794945, 0.13917412387986072, 0.125425994421281, 0.11184378434205589, 0.09842549124320032, 0.08549055127227123, 0.07270793175765555, 0.060075838990106156, 0.047592500382905634, 0.03525616422312572, 0.02336811931833105, 0.011616587111110688, 2.220446049250313e-16, 2.220446049250313e-16], "file_indices": [0, 1, 2, 3, 4, 5, 6, 7, 8, 9, 10, 11, 12, 13, 14, 15, 16, 17, 18, 19, 20, 21, 22, 23, 24, 25, 26, 27, 28, 29, 30, 31, 32, 33, 34, 35, 36, 37, 38, 39, 40, 41, 42, 43, 44, 45, 46, 47, 48, 49, 50, 51, 52, 53, 54, 55, 56, 57, 58, 59, 60, 61, 62, 63, 64, 65, 66, 67, 68, 69, 70, 71, 72, 73, 74, 75, 76, 77, 78, 79, 80, 81, 82, 83, 84, 85, 86, 87, 88, 89, 90, 91, 92, 93, 94, 95, 96, 97, 98, 99, 100, 101, 102, 103, 104, 105, 106, 107, 108, 109, 110, 111, 112, 113, 114, 115, 116, 117, 118, 119, 120, 121, 122, 123, 124, 125, 126, 127], "Omega0": [0.301712, 0.301712, 0.301712, 0.301712, 0.301712, 0.301712, 0.301712, 0.301712, 0.301712, 0.301712, 0.301712, 0.301712, 0.301712, 0.301712, 0.301712, 0.301712, 0.301712, 0.301712, 0.301712, 0.301712, 0.301712, 0.301712, 0.301712, 0.301712, 0.301712, 0.301712, 0.301712, 0.301712, 0.301712, 0.301712, 0.301712, 0.301712, 0.301712, 0.301712, 0.301712, 0.301712, 0.301712, 0.301712, 0.301712, 0.301712, 0.301712, 0.301712, 0.301712, 0.301712, 0.301712, 0.301712, 0.301712, 0.301712, 0.301712, 0.301712, 0.301712, 0.301712, 0.301712, 0.301712, 0.301712, 0.301712, 0.301712, 0.301712, 0.301712, 0.301712, 0.301712, 0.301712, 0.301712, 0.301712, 0.301712, 0.301712, 0.301712, 0.301712, 0.301712, 0.301712, 0.301712, 0.301712, 0.301712, 0.301712, 0.301712, 0.301712, 0.301712, 0.301712, 0.301712, 0.301712, 0.301712, 0.301712, 0.301712, 0.301712, 0.301712, 0.301712, 0.301712, 0.301712, 0.301712, 0.301712, 0.301712, 0.301712, 0.301712, 0.301712, 0.301712, 0.301712, 0.301712, 0.301712, 0.301712, 0.301712, 0.301712, 0.301712, 0.301712, 0.301712, 0.301712, 0.301712, 0.301712, 0.301712, 0.301712, 0.301712, 0.301712, 0.301712, 0.301712, 0.301712, 0.301712, 0.301712, 0.301712, 0.301712, 0.301712, 0.301712, 0.301712, 0.301712, 0.301712, 0.301712, 0.301712, 0.301712, 0.301712, 0.301712], "OmegaB": [0.04602263967414429, 0.04602263967414429, 0.04602263967414431, 0.04602263967414431, 0.04602263967414429, 0.04602263967414429, 0.046022639674144286, 0.04602263967414429, 0.04602263967414431, 0.04602263967414429, 0.04602263967414429, 0.046022639674144286, 0.04602263967414429, 0.04602263967414429, 0.046022639674144286, 0.04602263967414429, 0.04602263967414429, 0.04602263967414429, 0.04602263967414429, 0.04602263967414429, 0.04602263967414431, 0.04602263967414429, 0.04602263967414429, 0.04602263967414429, 0.04602263967414429, 0.046022639666537836, 0.04602263964844943, 0.046022639583515414, 0.04602263960403791, 0.04602263953516194, 0.04602263927185513, 0.04602263909737102, 0.04602263883971642, 0.04602263381267325, 0.04602263327692734, 0.0460226186155156, 0.046022604756495326, 0.04602252102189175, 0.04602233906877156, 0.04602210085726006, 0.04602170669161625, 0.046021135282579895, 0.04602036972930574, 0.046019264797491216, 0.046017024977442554, 0.04601417051325532, 0.04601019485766231, 0.04600485424260772, 0.045996806112141325, 0.04598775702166465, 0.045975525169314434, 0.04596030842280446, 0.04594010930445083, 0.04591708459329869, 0.045889372954085295, 0.04586011519421058, 0.0458283380500582, 0.04579821997153028, 0.04576592082124663, 0.04573426897567522, 0.04570140153777403, 0.045669540951450385, 0.045638163399476565, 0.04560711584960272, 0.04557566591047926, 0.045545629821991625, 0.04551589184472378, 0.04548701455750881, 0.04545930756082702, 0.045432135868026864, 0.04540424100089112, 0.04538034263186061, 0.04535774598155332, 0.04533544760314091, 0.04531364836426605, 0.045291845351199296, 0.045252757681139594, 0.04523229557132539, 0.04521239324914769, 0.04519349865507033, 0.04517489683040212, 0.045157070472956105, 0.04514088682578233, 0.04512655755685959, 0.04511193552613159, 0.045098308757618465, 0.04508592261222676, 0.045072511437666954, 0.0450618375654513, 0.045050362840109326, 0.04504177128991261, 0.04503314995737883, 0.04502519812297057, 0.04501774702982104, 0.04501107205687922, 0.045005341418359004, 0.04499977273536695, 0.04499390230877605, 0.044989013728580794, 0.04498503099241711, 0.04498129472767378, 0.04497807284784045, 0.04497434968237166, 0.04497075145147586, 0.04496871958414057, 0.04496554397507095, 0.04496307942364229, 0.04496028824563973, 0.04495863486148016, 0.044956996146842745, 0.04495530423349571, 0.044953969295340096, 0.04495295572753309, 0.04495204847470284, 0.04495070390098296, 0.0449502032776459, 0.04494957793526046, 0.04494863266708377, 0.04494791483461905, 0.04494740986877367, 0.04494698543660928, 0.04494667153392934, 0.044946299306327125, 0.04494618298958759, 0.044946018970422795, 0.04494591366422274, 0.044945962566766806, 0.04494595146857514],