{"run name": "run_SIDM_DREAMS116_HY_powerm2_sigma1_dir_3", "DM type": "SIDM", "baryon_type": "HY", "powerLaws": [-2], "sigma0": 1.0, "otherInfo": ["dir", "3"], "BoxSize": 100000, "NPart": 114, "Mass Resolution": [1033520.3698681736], "Softening Length": 30.248033877797944, "redshifts": [2.220446049250313e-16], "file_indices": [127], "Omega0": [0.301712], "OmegaB": [0.04604108589916516], "OmegaStar": [2.3755881431943156e-05]}