{"run name": "run_2cDM_L3N256_HY_powerm2m2_sigma1_dir_3", "DM type": "2cDM", "baryon_type": "HY", "powerLaws": [-2, -2], "sigma0": 1.0, "otherInfo": ["dir", "3"], "BoxSize": 3000, "NPart": 256, "Mass Resolution": [117344.06239201137, 21123.087754725388], "Softening Length": 0.4040948275862069, "redshifts": [99.0, 8.955128609158502, 5.236226422509304, 3.9916277163626868, 2.9999151729465807, 2.0300187258611033, 0.9988548118735108, 4.440892098500626e-16], "file_indices": [0, 1, 2, 3, 4, 5, 6, 7], "Omega0": [0.301712, 0.301712, 0.301712, 0.301712, 0.301712, 0.301712, 0.301712, 0.301712], "OmegaB": [0.04729202942358431, 0.04728797051487564, 0.04726853589369359, 0.04725140214143911, 0.047221691557892534, 0.04715200114099435, 0.04685335158019934, 0.04602211856552352], "OmegaStar": [4.058908708662898e-06, 2.3493529890716117e-05, 4.062728214518967e-05, 7.033786569177463e-05, 0.00013991087196937112, 0.0004383201393677414, 0.0012681066249415256]}