{"run name": "run_CDM_L3N256_HY_dir_2", "DM type": "CDM", "baryon_type": "HY", "otherInfo": ["dir", "2"], "BoxSize": 3000, "NPart": 256, "Mass Resolution": [117344.06239201137, 21123.087754725388], "Softening Length": 0.4040948275862069, "redshifts": [99.0, 8.955128609158502, 5.236226422509304, 3.9916277163626868, 2.9999151729465807, 2.0300187258611033, 0.9988548118735108, 4.440892098500626e-16], "file_indices": [0, 1, 2, 3, 4, 5, 6, 7], "Omega0": [0.301712, 0.301712, 0.301712, 0.301712, 0.301712, 0.301712, 0.301712, 0.301712], "OmegaB": [0.04729202942358431, 0.04728184883662743, 0.04725047750684074, 0.047211199886863335, 0.04713354690122795, 0.046873643554049035, 0.045635528163609815, 0.04385213892297185], "OmegaStar": [1.0180586956876356e-05, 4.155191674356581e-05, 8.082953672096477e-05, 0.00015825889368575587, 0.0004179744222144567, 0.0016547760276684536, 0.003427262253754387]}