{"run name": "run_2cDM_811_HY_powerm2m2_sigma1_dir_6_Vkick92.83", "DM type": "2cDM", "baryon_type": "HY", "powerLaws": [-2, -2], "sigma0": 1.0, "otherInfo": ["dir", "6", "Vkick92.83"], "Vkick": 92.83, "BoxSize": 100000, "NPart": 96, "Mass Resolution": [8260588.100480618], "Softening Length": 35.91954022988506, "redshifts": [2.220446049250313e-16], "file_indices": [127], "Omega0": [0.301712], "OmegaB": [0.04493940853825935], "OmegaStar": [0.0010832303360817526]}