{"run name": "run_2cDM_811_HY_power00_sigma1_dir_8_Vkick154.85", "DM type": "2cDM", "baryon_type": "HY", "powerLaws": [0, 0], "sigma0": 1.0, "otherInfo": ["dir", "8", "Vkick154.85"], "Vkick": 154.85, "BoxSize": 100000, "NPart": 96, "Mass Resolution": [8260588.100480618], "Softening Length": 35.91954022988506, "redshifts": [46.54721920348852, 44.5622037875765, 42.45367379881284, 40.44272246832135, 38.52483404598187, 36.87473954609402, 35.12197041925631, 33.450316031392745, 31.856022550479437, 30.48433957173081, 29.027305700565993, 27.63770051714242, 26.312403553212587, 25.04843874971757, 23.960960799485814, 22.805816183578962, 21.704129409074024, 20.65342655126237, 19.749432874416154, 18.78918956244812, 17.873384439406017, 16.999960992518137, 16.24849327990495, 15.45026662890206, 14.688980351532482, 13.962924919302699, 13.270469917365952, 12.674702104803705, 12.041863543925086, 11.438311518216711, 10.862690703911504, 10.367443572408746, 9.841380439471834, 9.339662483009523, 8.861163055704282, 8.449476294368743, 8.012172948865935, 7.5951071498715965, 7.2167861446729695, 6.83652929673655, 6.491597745667503, 6.144901203416368, 5.830412255438365, 5.514314088998537, 5.2128443296138, 4.939380663491011, 4.664517702470927, 4.415189102629535, 4.1645847053761695, 3.931415978016882, 3.7031996580777644, 3.4908613692606485, 3.2830330579565246, 3.089664292734823, 2.9004026001834498, 2.7331426173187188, 2.581530360749893, 2.4442257045541464, 2.3161107439568918, 2.204127685233242, 2.095926226826756, 1.9984741090888938, 1.9075317015975188, 1.822689252620354, 1.741946069204546, 1.6682494625950324, 1.5980719886683934, 1.5312390291576135, 1.4690483326692818, 1.4112402265443573, 1.354785588105559, 1.301015190578822, 1.2511376829444645, 1.2023413353902335, 1.1571565189806767, 1.112898746713261, 1.070775132559132, 1.0306937131422726, 0.9913880999233948, 0.9540002664885061, 0.918450320949258, 0.8846630848858825, 0.8514709006246495, 0.8188632882717168, 0.7878885854383739, 0.7584825938678252, 0.7285361563681614, 0.7011136060193328, 0.6741261037109307, 0.647566747575876, 0.6214287452425136, 0.5966508105687431, 0.5722515209933166, 0.5491423583106516, 0.5263728571851616, 0.5039380252259511, 0.48271087652108324, 0.4609177941806475, 0.4402978492477432, 0.4208102228858266, 0.40075637134625763, 0.38180375206467954, 0.36310756693894675, 0.3446643463443455, 0.3272565541011043, 0.30968620642252054, 0.29234845666676534, 0.27561793689007197, 0.25910400753104357, 0.243171968587081, 0.22744152527254502, 0.21191012670252096, 0.19692966583655291, 0.18213437893919204, 0.1675219770689318, 0.15309019957794945, 0.13917412387986072, 0.125425994421281, 0.11184378434205589, 0.09842549124320032, 0.08549055127227123, 0.07270793175765555, 0.060075838990106156, 0.047592500382905634, 0.03525616422312572, 0.02336811931833105, 0.011616587111110688, 2.220446049250313e-16], "file_indices": [0, 1, 2, 3, 4, 5, 6, 7, 8, 9, 10, 11, 12, 13, 14, 15, 16, 17, 18, 19, 20, 21, 22, 23, 24, 25, 26, 27, 28, 29, 30, 31, 32, 33, 34, 35, 36, 37, 38, 39, 40, 41, 42, 43, 44, 45, 46, 47, 48, 49, 50, 51, 52, 53, 54, 55, 56, 57, 58, 59, 60, 61, 62, 63, 64, 65, 66, 67, 68, 69, 70, 71, 72, 73, 74, 75, 76, 77, 78, 79, 80, 81, 82, 83, 84, 85, 86, 87, 88, 89, 90, 91, 92, 93, 94, 95, 96, 97, 98, 99, 100, 101, 102, 103, 104, 105, 106, 107, 108, 109, 110, 111, 112, 113, 114, 115, 116, 117, 118, 119, 120, 121, 122, 123, 124, 125, 126, 127], "Omega0": [0.301712, 0.301712, 0.301712, 0.301712, 0.301712, 0.301712, 0.301712, 0.301712, 0.301712, 0.301712, 0.301712, 0.301712, 0.301712, 0.301712, 0.301712, 0.301712, 0.301712, 0.301712, 0.301712, 0.301712, 0.301712, 0.301712, 0.301712, 0.301712, 0.301712, 0.301712, 0.301712, 0.301712, 0.301712, 0.301712, 0.301712, 0.301712, 0.301712, 0.301712, 0.301712, 0.301712, 0.301712, 0.301712, 0.301712, 0.301712, 0.301712, 0.301712, 0.301712, 0.301712, 0.301712, 0.301712, 0.301712, 0.301712, 0.301712, 0.301712, 0.301712, 0.301712, 0.301712, 0.301712, 0.301712, 0.301712, 0.301712, 0.301712, 0.301712, 0.301712, 0.301712, 0.301712, 0.301712, 0.301712, 0.301712, 0.301712, 0.301712, 0.301712, 0.301712, 0.301712, 0.301712, 0.301712, 0.301712, 0.301712, 0.301712, 0.301712, 0.301712, 0.301712, 0.301712, 0.301712, 0.301712, 0.301712, 0.301712, 0.301712, 0.301712, 0.301712, 0.301712, 0.301712, 0.301712, 0.301712, 0.301712, 0.301712, 0.301712, 0.301712, 0.301712, 0.301712, 0.301712, 0.301712, 0.301712, 0.301712, 0.301712, 0.301712, 0.301712, 0.301712, 0.301712, 0.301712, 0.301712, 0.301712, 0.301712, 0.301712, 0.301712, 0.301712, 0.301712, 0.301712, 0.301712, 0.301712, 0.301712, 0.301712, 0.301712, 0.301712, 0.301712, 0.301712, 0.301712, 0.301712, 0.301712, 0.301712, 0.301712, 0.301712], "OmegaB": [0.04602263967414429, 0.046022639674144286, 0.04602263967414429, 0.04602263967414429, 0.04602263967414429, 0.04602263967414429, 0.04602263967414429, 0.04602263967414429, 0.04602263967414431, 0.04602263967414429, 0.046022639674144286, 0.04602263967414431, 0.04602263967414429, 0.04602263967414429, 0.04602263967414429, 0.04602263967414429, 0.04602263967414429, 0.04602263967414429, 0.04602263967414429, 0.04602263967414429, 0.046022639674144286, 0.046022639674144286, 0.04602263967414429, 0.046022639674144286, 0.04602263967414429, 0.04602263966533909, 0.046022639634446055, 0.04602263959832779, 0.046022639495984397, 0.04602263953437727, 0.046022639189181216, 0.046022639148735306, 0.046022638870834236, 0.04602263847811627, 0.0460226357924093, 0.0460226190259265, 0.0460225897283217, 0.046022479395914646, 0.04602230641349889, 0.04602203314243086, 0.046021702394516695, 0.0460211572760193, 0.046020267514073766, 0.04601886212424748, 0.04601666757603879, 0.046013588159052876, 0.04601021402418627, 0.04600459682304568, 0.045996981990133606, 0.04598766871839665, 0.04597492849523583, 0.04595994883213852, 0.045940751301756906, 0.04591790918922788, 0.04589103750216105, 0.04586203430629697, 0.04583150164790859, 0.04580031000142042, 0.045767701330326246, 0.04573680039464085, 0.045703216456320306, 0.045672221875711044, 0.04564143857261875, 0.04561080119033118, 0.04558029262298974, 0.045551105203244825, 0.04552115777502557, 0.04549133088875692, 0.04546252311704615, 0.045434721632354735, 0.04540778522875778, 0.045382687741255964, 0.04535904968608054, 0.04533544888071881, 0.04531325762966517, 0.045290767905834, 0.045269953131525036, 0.04524986029771068, 0.04522764449563585, 0.04520818040309589, 0.045190605942419554, 0.04517546027435359, 0.045159215011568894, 0.04514444175095021, 0.04512921022650772, 0.04511372592979223, 0.045098706977248874, 0.04508625662368056, 0.045073852890362, 0.045062055060310094, 0.04505115752979535, 0.04504051121234591, 0.04503175980399925, 0.04502341028123742, 0.045014890478244356, 0.04500742749634167, 0.04500127915722018, 0.04499430152228801, 0.044988221711900894, 0.044982510697209335, 0.04497772768270662, 0.04497337490623159, 0.04497041736914565, 0.04496763017954986, 0.04496368208279054, 0.04496041686997561, 0.044957973131877424, 0.044955678426866263, 0.0449536754042694, 0.04495132809385933, 0.04494892190400106, 0.04494713127471301, 0.04494570877811302, 0.044944310197944246, 0.04494267701600288, 0.04494106186402508, 0.04493923974249929, 0.04493766179167014, 0.044936602790635376, 0.04493604106425778, 0.04493506349188852, 0.04493455990579066, 0.044934319123341795, 0.04493349517662663, 0.044933098504776794, 0.04493287467917534, 0.04493261082420497, 0.04493251074543704],