{"run name": "run_CDM_L3N256_HY_dir_8", "DM type": "CDM", "baryon_type": "HY", "otherInfo": ["dir", "8"], "BoxSize": 3000, "NPart": 256, "Mass Resolution": [117344.06239201137, 21123.087754725388], "Softening Length": 0.4040948275862069, "redshifts": [99.0, 8.955128609158502, 5.236226422509304, 3.9916277163626868, 2.995420558949888, 2.0300187258611033, 0.9988548118735108, 4.440892098500626e-16], "file_indices": [0, 1, 2, 3, 4, 5, 6, 7], "Omega0": [0.301712, 0.301712, 0.301712, 0.301712, 0.301712, 0.301712, 0.301712, 0.301712], "OmegaB": [0.04729202942358431, 0.047283426500576306, 0.04726612755995128, 0.047240648794828075, 0.04719645518371798, 0.04705882727548399, 0.04607120954101344, 0.043817418118819174], "OmegaStar": [8.60292300798607e-06, 2.590186363302707e-05, 5.138062875622026e-05, 9.545861157608426e-05, 0.00023293663617813236, 0.0012202395646439181, 0.0034691689357602747]}