{"run name": "run_CDM_L5N256_HY", "DM type": "CDM", "baryon_type": "HY", "otherInfo": [], "BoxSize": 5000, "NPart": 256, "Mass Resolution": [543259.5481111638, 97792.07293854345], "Softening Length": 0.6734913793103449, "redshifts": [99.0, 8.955128609158502, 5.236226422509304, 3.9804160612484125, 2.995420558949888, 2.0300187258611033, 0.9988548118735108, 4.440892098500626e-16], "file_indices": [0, 1, 2, 3, 4, 5, 6, 7], "Omega0": [0.301712, 0.301712, 0.301712, 0.301712, 0.301712, 0.301712, 0.301712, 0.301712], "OmegaB": [0.04729202942358432, 0.047273716136856575, 0.04721782321716482, 0.047137054428760275, 0.04698579744288044, 0.04645751760875598, 0.045321300740748895, 0.0435303493515628], "OmegaStar": [1.8313286727722568e-05, 7.415942722430611e-05, 0.00015489513804826705, 0.0003059768607923527, 0.000833863534045467, 0.001969368264707611, 0.0037582553694471034]}