{"run name": "run_CDM_L10N256_HY", "DM type": "CDM", "baryon_type": "HY", "otherInfo": [], "BoxSize": 10000, "NPart": 256, "Mass Resolution": [4346076.38488931, 782336.5835083476], "Softening Length": 1.3469827586206897, "redshifts": [99.0, 8.955128609158502, 5.236226422509304, 3.9804160612484125, 2.995420558949888, 2.0300187258611033, 0.9988548118735108, 4.440892098500626e-16], "file_indices": [0, 1, 2, 3, 4, 5, 6, 7], "Omega0": [0.301712, 0.301712, 0.301712, 0.301712, 0.301712, 0.301712, 0.301712, 0.301712], "OmegaB": [0.04729202942358432, 0.04726542489825274, 0.047169409275967834, 0.04703515318863537, 0.04677943438263902, 0.04626629356956011, 0.04526344053403402, 0.0440835913652104], "OmegaStar": [2.6604525331564143e-05, 0.00012257196408835998, 0.00025671685984085324, 0.0005120889024661096, 0.0010242404587044486, 0.002024510089670224, 0.0032016187188969826]}